Gene_set,Term,Overlap,P-value,Adjusted P-value,Old P-value,Old Adjusted P-value,Odds Ratio,Combined Score,Genes
GO_Biological_Process_2023,Negative Regulation Of miRNA Transcription (GO:1902894),3/20,7.154717101473363e-08,7.439219010270312e-06,0,0,587.4705882352941,9665.600052219044,PPARG;PPARA;PPARD
GO_Biological_Process_2023,Negative Regulation Of miRNA Metabolic Process (GO:2000629),3/21,8.34531075765874e-08,7.439219010270312e-06,0,0,554.8055555555555,9042.765180259086,PPARG;PPARA;PPARD
GO_Biological_Process_2023,Negative Regulation Of Inflammatory Response (GO:0050728),4/111,1.1081033350512545e-07,7.439219010270312e-06,0,0,148.66542056074766,2380.942985964164,NR1H4;PPARG;PPARA;PPARD
GO_Biological_Process_2023,Negative Regulation Of Defense Response (GO:0031348),4/112,1.1489141328602801e-07,7.439219010270312e-06,0,0,147.28148148148148,2353.451793834528,NR1H4;PPARG;PPARA;PPARD
GO_Biological_Process_2023,Negative Regulation Of Response To External Stimulus (GO:0032102),4/146,3.337237903582195e-07,1.7286892340555766e-05,0,0,111.82535211267606,1667.6461264519896,NR1H4;PPARG;PPARA;PPARD
GO_Biological_Process_2023,Regulation Of Primary Metabolic Process (GO:0080090),3/43,7.705543808342472e-07,3.3262264106011665e-05,0,0,249.3875,3510.4172562030494,PPARG;PPARA;PPARD
GO_Biological_Process_2023,Regulation Of Lipid Metabolic Process (GO:0019216),3/54,1.544906588352888e-06,5.716154376905686e-05,0,0,195.49019607843135,2615.765778181418,PPARG;PPARA;PPARD
GO_Biological_Process_2023,Negative Regulation Of Sequestering Of Triglyceride (GO:0010891),2/5,1.7986799164027146e-06,5.820408664904071e-05,0,0,1903.619047619048,25181.943747367222,PPARG;PPARA
GO_Biological_Process_2023,Regulation Of miRNA Transcription (GO:1902893),3/59,2.022535829503345e-06,5.820408664904071e-05,0,0,177.99107142857142,2333.669144228843,PPARG;PPARA;PPARD
GO_Biological_Process_2023,Regulation Of Inflammatory Response (GO:0050727),4/240,2.4304956500661007e-06,6.294983733671201e-05,0,0,66.96610169491525,865.6986109932656,NR1H4;PPARG;PPARA;PPARD
GO_Biological_Process_2023,Negative Regulation Of Cholesterol Storage (GO:0010887),2/8,5.032841318877048e-06,0.00011850053650810504,0,0,951.6666666666666,11609.88210896366,PPARG;PPARA
GO_Biological_Process_2023,Negative Regulation Of Transcription By RNA Polymerase II (GO:0000122),5/763,8.843809324811148e-06,0.0001908788845938406,0,0,31.71668865435356,369.0488192297732,THRB;NR1H4;PPARG;PPARA;PPARD
GO_Biological_Process_2023,Retinoic Acid Receptor Signaling Pathway (GO:0048384),2/11,9.87909375255386e-06,0.0001968219447624192,0,0,634.3492063492064,7310.931552421126,THRB;PPARG
GO_Biological_Process_2023,Negative Regulation Of Macrophage Derived Foam Cell Differentiation (GO:0010745),2/12,1.1852169299324696e-05,0.00021926513203750689,0,0,570.8857142857142,6475.556453852173,PPARG;PPARA
GO_Biological_Process_2023,Regulation Of Cellular Ketone Metabolic Process (GO:0010565),2/13,1.4003865212668664e-05,0.00024180007267207888,0,0,518.961038961039,5800.000520859682,NR1H4;PPARA
GO_Biological_Process_2023,Regulation Of Cholesterol Storage (GO:0010885),2/14,1.633405632897404e-05,0.0002488541523061339,0,0,475.6904761904762,5243.183292030245,PPARG;PPARA
GO_Biological_Process_2023,Regulation Of Sequestering Of Triglyceride (GO:0010889),2/14,1.633405632897404e-05,0.0002488541523061339,0,0,475.6904761904762,5243.183292030245,PPARG;PPARA
GO_Biological_Process_2023,Fatty Acid Metabolic Process (GO:0006631),3/122,1.810954311893032e-05,0.0002605762037668307,0,0,83.49579831932773,911.6965930087624,FASN;ACACA;PPARD
GO_Biological_Process_2023,Positive Regulation Of Transcription By RNA Polymerase II (GO:0045944),5/938,2.415518299549885e-05,0.0003292732839912738,0,0,25.53322615219721,271.44402300349805,THRB;NR1H4;PPARG;PPARA;PPARD
GO_Biological_Process_2023,Negative Regulation Of Lipid Storage (GO:0010888),2/18,2.7437270887714988e-05,0.00035531265799590905,0,0,356.69642857142856,3746.5995382949022,PPARG;PPARA
GO_Biological_Process_2023,Negative Regulation Of DNA-templated Transcription (GO:0045892),5/1025,3.710821634864572e-05,0.0004576680016332972,0,0,23.248774509803923,237.17637539057972,THRB;NR1H4;PPARG;PPARA;PPARD
GO_Biological_Process_2023,Negative Regulation Of Signaling Receptor Activity (GO:2000272),2/25,5.371108552771946e-05,0.00063232596143997,0,0,248.0496894409938,2438.797544724613,PPARG;PPARA
GO_Biological_Process_2023,Positive Regulation Of Nucleic Acid-Templated Transcription (GO:1903508),4/557,6.70812090887632e-05,0.0007553927458256377,0,0,28.12007233273056,270.22283258527006,NR1H4;PPARG;PPARA;PPARD
GO_Biological_Process_2023,Regulation Of Macrophage Derived Foam Cell Differentiation (GO:0010743),2/30,7.779048997398821e-05,0.000839489037635956,0,0,203.70408163265307,1927.3444106230904,PPARG;PPARA
GO_Biological_Process_2023,Positive Regulation Of DNA-templated Transcription (GO:0045893),5/1243,9.385677440960233e-05,0.00097235618288348,0,0,18.934773828756057,175.5961810757325,THRB;NR1H4;PPARG;PPARA;PPARD
GO_Biological_Process_2023,Negative Regulation Of Intracellular Signal Transduction (GO:1902532),3/231,0.00012135682488679858,0.0011607135251611,0,0,43.33991228070175,390.7862542853997,NR1H4;PPARG;PPARA
GO_Biological_Process_2023,mRNA Transcription By RNA Polymerase II (GO:0042789),2/38,0.00012548254326066126,0.0011607135251611,0,0,158.37301587301587,1422.719267111456,THRB;PPARG
GO_Biological_Process_2023,Fatty Acid Transport (GO:0015908),2/38,0.00012548254326066126,0.0011607135251611,0,0,158.37301587301587,1422.719267111456,PPARG;PPARD
GO_Biological_Process_2023,Regulation Of Small Molecule Metabolic Process (GO:0062012),2/40,0.0001391618496477865,0.0012428592778888,0,0,150.02255639097746,1332.181235322806,NR1H4;PPARA
GO_Biological_Process_2023,mRNA Transcription (GO:0009299),2/43,0.00016099400163033776,0.0013899148807419,0,0,139.02439024390245,1214.2589675263723,THRB;PPARG
GO_Biological_Process_2023,Positive Regulation Of Fat Cell Differentiation (GO:0045600),2/50,0.00021804660985203623,0.0018217442565057,0,0,118.70833333333331,1000.8064198202924,PPARG;PPARD
GO_Biological_Process_2023,Fatty Acid Biosynthetic Process (GO:0006633),2/65,0.0003689413127509055,0.0028956303031055,0,0,90.37641723356008,714.4140977699672,FASN;ACACA
GO_Biological_Process_2023,Monocarboxylic Acid Biosynthetic Process (GO:0072330),2/65,0.0003689413127509055,0.0028956303031055,0,0,90.37641723356008,714.4140977699672,FASN;ACACA
GO_Biological_Process_2023,Lipid Biosynthetic Process (GO:0008610),2/71,0.0004401618893536392,0.0033529979218409,0,0,82.4927536231884,637.5343547242987,FASN;ACACA
GO_Biological_Process_2023,Regulation Of Fat Cell Differentiation (GO:0045598),2/75,0.000491070345932343,0.0036339205598993,0,0,77.95694716242662,593.9479909744274,PPARG;PPARD
GO_Biological_Process_2023,Negative Regulation Of Transforming Growth Factor Beta Receptor Signaling Pathway (GO:0030512),2/77,0.0005175500668095362,0.0037173211167468,0,0,75.8704761904762,574.0666965354856,PPARG;PPARA
GO_Biological_Process_2023,Cellular Response To Nutrient Levels (GO:0031669),2/78,0.000531045873820972,0.0037173211167468,0,0,74.86842105263158,564.557468792758,PPARA;PPARD
GO_Biological_Process_2023,Regulation Of Transcription By RNA Polymerase II (GO:0006357),5/2028,0.00094676175871593,0.0064529288291427,0,0,11.102323282254078,77.29951585692952,THRB;NR1H4;PPARG;PPARA;PPARD
GO_Biological_Process_2023,Regulation Of Transforming Growth Factor Beta Receptor Signaling Pathway (GO:0017015),2/111,0.0010713148294175,0.0069367635204788,0,0,52.115334207077325,356.4099212458152,PPARG;PPARA
GO_Biological_Process_2023,Negative Regulation Of Transmembrane Receptor Protein Serine/Threonine Kinase Signaling Pathway (GO:0090101),2/111,0.0010713148294175,0.0069367635204788,0,0,52.115334207077325,356.4099212458152,PPARG;PPARA
GO_Biological_Process_2023,Regulation Of Very-Low-Density Lipoprotein Particle Remodeling (GO:0010901),1/5,0.0022481605524021,0.0130528215030922,0,0,624.59375,3808.549663430724,NR1H4
GO_Biological_Process_2023,Response To Bile Acid (GO:1903412),1/5,0.0022481605524021,0.0130528215030922,0,0,624.59375,3808.549663430724,NR1H4
GO_Biological_Process_2023,Regulation Of Cellular Response To Insulin Stimulus (GO:1900076),1/6,0.0026972559359141,0.0130528215030922,0,0,499.65,2955.689739283532,PPARG
GO_Biological_Process_2023,Macrophage Derived Foam Cell Differentiation (GO:0010742),1/6,0.0026972559359141,0.0130528215030922,0,0,499.65,2955.689739283532,PPARG
GO_Biological_Process_2023,Regulation Of Vascular Associated Smooth Muscle Cell Apoptotic Process (GO:1905459),1/6,0.0026972559359141,0.0130528215030922,0,0,499.65,2955.689739283532,PPARG
GO_Biological_Process_2023,Positive Regulation Of Phospholipid Biosynthetic Process (GO:0071073),1/6,0.0026972559359141,0.0130528215030922,0,0,499.65,2955.689739283532,NR1H4
GO_Biological_Process_2023,White Fat Cell Differentiation (GO:0050872),1/6,0.0026972559359141,0.0130528215030922,0,0,499.65,2955.689739283532,PPARG
GO_Biological_Process_2023,Negative Regulation Of Response To Type II Interferon (GO:0060331),1/6,0.0026972559359141,0.0130528215030922,0,0,499.65,2955.689739283532,PPARG
GO_Biological_Process_2023,Negative Regulation Of Type II Interferon-Mediated Signaling Pathway (GO:0060336),1/6,0.0026972559359141,0.0130528215030922,0,0,499.65,2955.689739283532,PPARG
GO_Biological_Process_2023,Regulation Of Adiponectin Secretion (GO:0070163),1/6,0.0026972559359141,0.0130528215030922,0,0,499.65,2955.689739283532,PPARG
GO_Biological_Process_2023,Intracellular Triglyceride Homeostasis (GO:0035356),1/6,0.0026972559359141,0.0130528215030922,0,0,499.65,2955.689739283532,NR1H4
GO_Biological_Process_2023,Regulation Of Bile Acid Metabolic Process (GO:1904251),1/6,0.0026972559359141,0.0130528215030922,0,0,499.65,2955.689739283532,NR1H4
GO_Biological_Process_2023,Regulation Of Cardiac Muscle Hypertrophy In Response To Stress (GO:1903242),1/6,0.0026972559359141,0.0130528215030922,0,0,499.65,2955.689739283532,PPARG
GO_Biological_Process_2023,Negative Regulation Of Cytokine Production (GO:0001818),2/178,0.0027214376879034,0.0130528215030922,0,0,32.16720779220779,189.99866795620704,NR1H4;PPARA
GO_Biological_Process_2023,Peroxisome Proliferator Activated Receptor Signaling Pathway (GO:0035357),1/7,0.0031461719727636,0.013405682373845,0,0,416.3541666666667,2398.8531813702,PPARG
GO_Biological_Process_2023,Foam Cell Differentiation (GO:0090077),1/7,0.0031461719727636,0.013405682373845,0,0,416.3541666666667,2398.8531813702,PPARG
GO_Biological_Process_2023,Negative Regulation Of miRNA-mediated Gene Silencing (GO:0060965),1/7,0.0031461719727636,0.013405682373845,0,0,416.3541666666667,2398.8531813702,PPARG
GO_Biological_Process_2023,Positive Regulation Of Adipose Tissue Development (GO:1904179),1/7,0.0031461719727636,0.013405682373845,0,0,416.3541666666667,2398.8531813702,PPARG
GO_Biological_Process_2023,Negative Regulation Of SMAD Protein Signal Transduction (GO:0060392),1/7,0.0031461719727636,0.013405682373845,0,0,416.3541666666667,2398.8531813702,PPARG
GO_Biological_Process_2023,Negative Regulation Of Appetite (GO:0032099),1/7,0.0031461719727636,0.013405682373845,0,0,416.3541666666667,2398.8531813702,PPARA
GO_Biological_Process_2023,Transcription By RNA Polymerase II (GO:0006366),2/192,0.0031573228756932,0.013405682373845,0,0,29.77593984962406,171.45077880337263,THRB;PPARG
GO_Biological_Process_2023,Positive Regulation Of ATP Biosynthetic Process (GO:2001171),1/8,0.0035949086662176,0.0145481460085994,0,0,356.85714285714283,2008.4764659134423,PPARA
GO_Biological_Process_2023,Positive Regulation Of Smooth Muscle Cell Apoptotic Process (GO:0034393),1/8,0.0035949086662176,0.0145481460085994,0,0,356.85714285714283,2008.4764659134423,PPARG
GO_Biological_Process_2023,Positive Regulation Of Fatty Acid Beta-Oxidation (GO:0032000),1/8,0.0035949086662176,0.0145481460085994,0,0,356.85714285714283,2008.4764659134423,PPARA
GO_Biological_Process_2023,Negative Regulation Of Cell Differentiation (GO:0045596),2/207,0.00365847047705,0.014577597747015,0,0,27.57630662020906,154.72266266372694,PPARG;PPARA
GO_Biological_Process_2023,Negative Regulation Of Lipid Localization (GO:1905953),1/9,0.0040434660343014,0.0151776478678851,0,0,312.234375,1720.6153032705638,PPARG
GO_Biological_Process_2023,Positive Regulation Of ATP Metabolic Process (GO:1903580),1/9,0.0040434660343014,0.0151776478678851,0,0,312.234375,1720.6153032705638,PPARA
GO_Biological_Process_2023,Amine Metabolic Process (GO:0009308),1/9,0.0040434660343014,0.0151776478678851,0,0,312.234375,1720.6153032705638,AOC3
GO_Biological_Process_2023,Regulation Of Bile Acid Biosynthetic Process (GO:0070857),1/9,0.0040434660343014,0.0151776478678851,0,0,312.234375,1720.6153032705638,NR1H4
GO_Biological_Process_2023,Negative Regulation Of Glycolytic Process (GO:0045820),1/10,0.0044918441075108,0.0157214543762879,0,0,277.52777777777777,1500.1741678966396,PPARA
GO_Biological_Process_2023,Negative Regulation Of Pathway-Restricted SMAD Protein Phosphorylation (GO:0060394),1/10,0.0044918441075108,0.0157214543762879,0,0,277.52777777777777,1500.1741678966396,PPARG
GO_Biological_Process_2023,Monocyte Differentiation (GO:0030224),1/10,0.0044918441075108,0.0157214543762879,0,0,277.52777777777777,1500.1741678966396,PPARG
GO_Biological_Process_2023,Regulation Of Lipid Transport (GO:0032368),1/10,0.0044918441075108,0.0157214543762879,0,0,277.52777777777777,1500.1741678966396,PPARA
GO_Biological_Process_2023,Regulation Of Low-Density Lipoprotein Particle Clearance (GO:0010988),1/10,0.0044918441075108,0.0157214543762879,0,0,277.52777777777777,1500.1741678966396,NR1H4
GO_Biological_Process_2023,Regulation Of Fatty Acid Metabolic Process (GO:0019217),1/11,0.004940042922945,0.0157959397165773,0,0,249.7625,1326.3340991921912,PPARA
GO_Biological_Process_2023,Regulation Of Type II Interferon-Mediated Signaling Pathway (GO:0060334),1/11,0.004940042922945,0.0157959397165773,0,0,249.7625,1326.3340991921912,PPARG
GO_Biological_Process_2023,Cellular Response To Thyroid Hormone Stimulus (GO:0097067),1/11,0.004940042922945,0.0157959397165773,0,0,249.7625,1326.3340991921912,THRB
GO_Biological_Process_2023,Negative Regulation Of Reactive Oxygen Species Biosynthetic Process (GO:1903427),1/11,0.004940042922945,0.0157959397165773,0,0,249.7625,1326.3340991921912,PPARA
GO_Biological_Process_2023,Regulation Of Leukocyte Cell-Cell Adhesion (GO:1903037),1/11,0.004940042922945,0.0157959397165773,0,0,249.7625,1326.3340991921912,PPARA
GO_Biological_Process_2023,Regulation Of Adipose Tissue Development (GO:1904177),1/11,0.004940042922945,0.0157959397165773,0,0,249.7625,1326.3340991921912,PPARG
GO_Biological_Process_2023,Lipoprotein Transport (GO:0042953),1/11,0.004940042922945,0.0157959397165773,0,0,249.7625,1326.3340991921912,PPARG
GO_Biological_Process_2023,Positive Regulation Of Purine Nucleotide Biosynthetic Process (GO:1900373),1/12,0.0053880625223818,0.0162268394569406,0,0,227.04545454545453,1185.9876925180256,PPARA
GO_Biological_Process_2023,Response To Thyroid Hormone (GO:0097066),1/12,0.0053880625223818,0.0162268394569406,0,0,227.04545454545453,1185.9876925180256,THRB
GO_Biological_Process_2023,Negative Regulation Of Cardiac Muscle Hypertrophy (GO:0010614),1/12,0.0053880625223818,0.0162268394569406,0,0,227.04545454545453,1185.9876925180256,PPARG
GO_Biological_Process_2023,Lipoprotein Localization (GO:0044872),1/12,0.0053880625223818,0.0162268394569406,0,0,227.04545454545453,1185.9876925180256,PPARG
GO_Biological_Process_2023,Positive Regulation Of Fatty Acid Oxidation (GO:0046321),1/12,0.0053880625223818,0.0162268394569406,0,0,227.04545454545453,1185.9876925180256,PPARA
GO_Biological_Process_2023,Regulation Of Fatty Acid Beta-Oxidation (GO:0031998),1/13,0.005835902950749,0.0173735501637241,0,0,208.11458333333331,1070.4844511001115,PPARA
GO_Biological_Process_2023,Regulation Of ATP Biosynthetic Process (GO:2001169),1/14,0.0062835642580931,0.0180827015871791,0,0,192.09615384615384,973.8925197668603,PPARA
GO_Biological_Process_2023,Negative Regulation Of Receptor Signaling Pathway Via STAT (GO:1904893),1/14,0.0062835642580931,0.0180827015871791,0,0,192.09615384615384,973.8925197668603,PPARG
GO_Biological_Process_2023,Positive Regulation Of Transporter Activity (GO:0032411),1/14,0.0062835642580931,0.0180827015871791,0,0,192.09615384615384,973.8925197668603,PPARD
GO_Biological_Process_2023,Positive Regulation Of Cell Differentiation (GO:0045597),2/283,0.0067263729868842,0.0188618438624662,0,0,20.040671072699546,100.23780954000122,PPARG;PPARD
GO_Biological_Process_2023,Regulation Of miRNA-mediated Gene Silencing (GO:0060964),1/15,0.0067310464938694,0.0188618438624662,0,0,178.36607142857142,892.013120036697,PPARG
GO_Biological_Process_2023,Cell Surface Toll-Like Receptor Signaling Pathway (GO:0140895),1/16,0.007178349711373,0.0188618438624662,0,0,166.46666666666667,821.7936241053455,NR1H4
GO_Biological_Process_2023,Regulation Of Steroid Biosynthetic Process (GO:0050810),1/16,0.007178349711373,0.0188618438624662,0,0,166.46666666666667,821.7936241053455,NR1H4
GO_Biological_Process_2023,Cellular Response To Fatty Acid (GO:0071398),1/16,0.007178349711373,0.0188618438624662,0,0,166.46666666666667,821.7936241053455,NR1H4
GO_Biological_Process_2023,Regulation Of Fatty Acid Oxidation (GO:0046320),1/16,0.007178349711373,0.0188618438624662,0,0,166.46666666666667,821.7936241053455,PPARA
GO_Biological_Process_2023,Cellular Response To Nitrogen Compound (GO:1901699),1/16,0.007178349711373,0.0188618438624662,0,0,166.46666666666667,821.7936241053455,NR1H4
GO_Biological_Process_2023,Negative Regulation Of Biosynthetic Process (GO:0009890),1/16,0.007178349711373,0.0188618438624662,0,0,166.46666666666667,821.7936241053455,PPARA
GO_Biological_Process_2023,Regulation Of DNA-templated Transcription (GO:0006355),4/1922,0.0072097395458847,0.0188618438624662,0,0,7.538269030239833,37.18117358969303,NR1H4;PPARG;PPARA;PPARD
GO_Biological_Process_2023,Regulation Of Receptor Signaling Pathway Via STAT (GO:1904892),1/17,0.0076254739654265,0.0189903630485141,0,0,156.0546875,760.9633551596094,PPARG
GO_Biological_Process_2023,Toll-Like Receptor 4 Signaling Pathway (GO:0034142),1/17,0.0076254739654265,0.0189903630485141,0,0,156.0546875,760.9633551596094,NR1H4
GO_Biological_Process_2023,Positive Regulation Of SMAD Protein Signal Transduction (GO:0060391),1/17,0.0076254739654265,0.0189903630485141,0,0,156.0546875,760.9633551596094,PPARG
GO_Biological_Process_2023,Negative Regulation Of Vascular Associated Smooth Muscle Cell Proliferation (GO:1904706),1/17,0.0076254739654265,0.0189903630485141,0,0,156.0546875,760.9633551596094,PPARG
GO_Biological_Process_2023,Positive Regulation Of Fatty Acid Metabolic Process (GO:0045923),1/17,0.0076254739654265,0.0189903630485141,0,0,156.0546875,760.9633551596094,PPARA
GO_Biological_Process_2023,Regulation Of Vascular Endothelial Cell Proliferation (GO:1905562),1/18,0.0080724193100501,0.019911967631457,0,0,146.86764705882354,707.7995527019895,PPARG
GO_Biological_Process_2023,Positive Regulation Of Hormone Secretion (GO:0046887),1/19,0.0085191858003351,0.0204302696508036,0,0,138.70138888888889,660.9723846479391,PPARG
GO_Biological_Process_2023,Negative Regulation Of Leukocyte Cell-Cell Adhesion (GO:1903038),1/19,0.0085191858003351,0.0204302696508036,0,0,138.70138888888889,660.9723846479391,PPARA
GO_Biological_Process_2023,Response To Fatty Acid (GO:0070542),1/19,0.0085191858003351,0.0204302696508036,0,0,138.70138888888889,660.9723846479391,NR1H4
GO_Biological_Process_2023,Positive Regulation Of Lipid Catabolic Process (GO:0050996),1/20,0.0089657734963174,0.0209201381580739,0,0,131.39473684210526,619.439581424405,PPARA
GO_Biological_Process_2023,Monocarboxylic Acid Catabolic Process (GO:0072329),1/20,0.0089657734963174,0.0209201381580739,0,0,131.39473684210526,619.439581424405,PPARD
GO_Biological_Process_2023,Negative Regulation Of Cytokine Production Involved In Inflammatory Response (GO:1900016),1/20,0.0089657734963174,0.0209201381580739,0,0,131.39473684210526,619.439581424405,PPARA
GO_Biological_Process_2023,Regulation Of Steroid Metabolic Process (GO:0019218),1/21,0.0094121824505319,0.021383818023577,0,0,124.81875,582.3731356633181,NR1H4
GO_Biological_Process_2023,Negative Regulation Of Reactive Oxygen Species Metabolic Process (GO:2000378),1/21,0.0094121824505319,0.021383818023577,0,0,124.81875,582.3731356633181,PPARA
GO_Biological_Process_2023,Regulation Of Lipid Storage (GO:0010883),1/21,0.0094121824505319,0.021383818023577,0,0,124.81875,582.3731356633181,PPARG
GO_Biological_Process_2023,Placenta Development (GO:0001890),1/22,0.0098584127261176,0.0214565453450795,0,0,118.86904761904762,549.107257058779,PPARG
GO_Biological_Process_2023,Glucose Transmembrane Transport (GO:1904659),1/22,0.0098584127261176,0.0214565453450795,0,0,118.86904761904762,549.107257058779,PPARD
GO_Biological_Process_2023,Cellular Response To Low-Density Lipoprotein Particle Stimulus (GO:0071404),1/22,0.0098584127261176,0.0214565453450795,0,0,118.86904761904762,549.107257058779,PPARG
GO_Biological_Process_2023,Modulation By Host Of Viral Process (GO:0044788),1/22,0.0098584127261176,0.0214565453450795,0,0,118.86904761904762,549.107257058779,FASN
GO_Biological_Process_2023,Positive Regulation Of Cholesterol Efflux (GO:0010875),1/22,0.0098584127261176,0.0214565453450795,0,0,118.86904761904762,549.107257058779,PPARG
GO_Biological_Process_2023,Regulation Of Cellular Response To Transforming Growth Factor Beta Stimulus (GO:1903844),1/23,0.0103044643785071,0.0216980184880759,0,0,113.46022727272728,519.1007405544717,PPARG
GO_Biological_Process_2023,Regulation Of Cholesterol Metabolic Process (GO:0090181),1/23,0.0103044643785071,0.0216980184880759,0,0,113.46022727272728,519.1007405544717,NR1H4
GO_Biological_Process_2023,Cellular Lipid Catabolic Process (GO:0044242),1/23,0.0103044643785071,0.0216980184880759,0,0,113.46022727272728,519.1007405544717,PPARD
GO_Biological_Process_2023,Long-Chain Fatty Acid Transport (GO:0015909),1/23,0.0103044643785071,0.0216980184880759,0,0,113.46022727272728,519.1007405544717,PPARG
GO_Biological_Process_2023,Positive Regulation Of Interleukin-17 Production (GO:0032740),1/24,0.0107503374648081,0.0220979158998833,0,0,108.52173913043478,491.9093069362492,NR1H4
GO_Biological_Process_2023,Positive Regulation Of Lipid Metabolic Process (GO:0045834),1/24,0.0107503374648081,0.0220979158998833,0,0,108.52173913043478,491.9093069362492,PPARA
GO_Biological_Process_2023,Mononuclear Cell Differentiation (GO:1903131),1/24,0.0107503374648081,0.0220979158998833,0,0,108.52173913043478,491.9093069362492,PPARG
GO_Biological_Process_2023,Regulation Of Reactive Oxygen Species Biosynthetic Process (GO:1903426),1/26,0.0116415481869311,0.0237414250426391,0,0,99.83,444.5604442545611,PPARA
GO_Biological_Process_2023,Regulation Of Insulin Secretion Involved In Cellular Response To Glucose Stimulus (GO:0061178),1/27,0.0120868859385031,0.0240807958313254,0,0,95.98557692307692,423.8371981703313,NR1H4
GO_Biological_Process_2023,Regulation Of SMAD Protein Signal Transduction (GO:0060390),1/27,0.0120868859385031,0.0240807958313254,0,0,95.98557692307692,423.8371981703313,PPARG
GO_Biological_Process_2023,Regulation Of Mitochondrial Fission (GO:0090140),1/27,0.0120868859385031,0.0240807958313254,0,0,95.98557692307692,423.8371981703313,PPARG
GO_Biological_Process_2023,Fatty Acid Derivative Biosynthetic Process (GO:1901570),1/28,0.0125320453634479,0.0244045093919775,0,0,92.42592592592592,404.7762265532091,ACACA
GO_Biological_Process_2023,Regulation Of Lipid Biosynthetic Process (GO:0046890),1/28,0.0125320453634479,0.0244045093919775,0,0,92.42592592592592,404.7762265532091,PPARA
GO_Biological_Process_2023,Negative Regulation Of Type II Interferon Production (GO:0032689),1/28,0.0125320453634479,0.0244045093919775,0,0,92.42592592592592,404.7762265532091,NR1H4
GO_Biological_Process_2023,Positive Regulation Of Viral Genome Replication (GO:0045070),1/29,0.0129770265246845,0.0250824617156216,0,0,89.12053571428571,387.1908225092229,PPARA
GO_Biological_Process_2023,Negative Regulation Of Carbohydrate Metabolic Process (GO:0045912),1/30,0.0134218294793273,0.0257500284084872,0,0,86.04310344827586,370.92087702683546,PPARA
GO_Biological_Process_2023,Triglyceride Homeostasis (GO:0070328),1/31,0.01386645428907,0.0262146836559791,0,0,83.17083333333333,355.82833874131705,NR1H4
GO_Biological_Process_2023,Positive Regulation Of Cholesterol Transport (GO:0032376),1/31,0.01386645428907,0.0262146836559791,0,0,83.17083333333333,355.82833874131705,PPARG
GO_Biological_Process_2023,Regulation Of Cholesterol Efflux (GO:0010874),1/32,0.0143109010156188,0.0266656357053617,0,0,80.48387096774194,341.7935690237759,PPARG
GO_Biological_Process_2023,Negative Regulation Of Osteoblast Differentiation (GO:0045668),1/32,0.0143109010156188,0.0266656357053617,0,0,80.48387096774194,341.7935690237759,PPARG
GO_Biological_Process_2023,Positive Regulation Of DNA Binding (GO:0043388),1/33,0.0147551697178423,0.0269125982881772,0,0,77.96484375,328.7123934869669,PPARG
GO_Biological_Process_2023,Negative Regulation Of Small Molecule Metabolic Process (GO:0062014),1/33,0.0147551697178423,0.0269125982881772,0,0,77.96484375,328.7123934869669,PPARA
GO_Biological_Process_2023,Negative Regulation Of Blood Vessel Endothelial Cell Migration (GO:0043537),1/33,0.0147551697178423,0.0269125982881772,0,0,77.96484375,328.7123934869669,PPARG
GO_Biological_Process_2023,Regulation Of Interleukin-17 Production (GO:0032660),1/34,0.0151992604555411,0.0275287304754207,0,0,75.59848484848484,316.4936999007962,NR1H4
GO_Biological_Process_2023,Response To Nutrient Levels (GO:0031667),1/35,0.0156431732908392,0.0281359852939399,0,0,73.37132352941177,305.0574683216414,PPARD
GO_Biological_Process_2023,Negative Regulation Of Protein Kinase B Signaling (GO:0051898),1/36,0.0160869082852461,0.0287341648632587,0,0,71.27142857142857,294.3331456349383,PPARA
GO_Biological_Process_2023,Negative Regulation Of Endothelial Cell Migration (GO:0010596),1/37,0.0165304655004847,0.0287341648632587,0,0,69.28819444444444,284.25829643277825,PPARG
GO_Biological_Process_2023,Negative Regulation Of Endothelial Cell Proliferation (GO:0001937),1/37,0.0165304655004847,0.0287341648632587,0,0,69.28819444444444,284.25829643277825,PPARG
GO_Biological_Process_2023,Regulation Of Vascular Associated Smooth Muscle Cell Proliferation (GO:1904705),1/37,0.0165304655004847,0.0287341648632587,0,0,69.28819444444444,284.25829643277825,PPARG
GO_Biological_Process_2023,Negative Regulation Of Smooth Muscle Cell Proliferation (GO:0048662),1/37,0.0165304655004847,0.0287341648632587,0,0,69.28819444444444,284.25829643277825,PPARG
GO_Biological_Process_2023,Negative Regulation Of Nucleic Acid-Templated Transcription (GO:1903507),2/456,0.0167934276278655,0.0289966517041145,0,0,12.295154185022026,50.24743876540256,PPARG;PPARD
GO_Biological_Process_2023,Negative Regulation Of Epithelial Cell Apoptotic Process (GO:1904036),1/38,0.0169738449956947,0.0291140785025491,0,0,67.41216216216216,274.77747713172664,PPARA
GO_Biological_Process_2023,Positive Regulation Of Lipid Biosynthetic Process (GO:0046889),1/39,0.0174170468329855,0.0294837590179297,0,0,65.63486842105263,265.8412914846341,PPARA
GO_Biological_Process_2023,Negative Regulation Of Mitochondrion Organization (GO:0010823),1/39,0.0174170468329855,0.0294837590179297,0,0,65.63486842105263,265.8412914846341,PPARG
GO_Biological_Process_2023,Regulation Of Glycolytic Process (GO:0006110),1/40,0.0178600710727219,0.0296522974861216,0,0,63.94871794871795,257.40559445949555,PPARA
GO_Biological_Process_2023,Negative Regulation Of Cell-Cell Adhesion (GO:0022408),1/40,0.0178600710727219,0.0296522974861216,0,0,63.94871794871795,257.40559445949555,PPARA
GO_Biological_Process_2023,Nucleic Acid-Templated Transcription (GO:0097659),1/40,0.0178600710727219,0.0296522974861216,0,0,63.94871794871795,257.40559445949555,THRB
GO_Biological_Process_2023,Regulation Of Amide Metabolic Process (GO:0034248),1/41,0.0183029177773926,0.0300028842047131,0,0,62.346875,249.43081801374976,NR1H4
GO_Biological_Process_2023,Positive Regulation Of Viral Process (GO:0048524),1/41,0.0183029177773926,0.0300028842047131,0,0,62.346875,249.43081801374976,PPARA
GO_Biological_Process_2023,Modulation By Host Of Symbiont Process (GO:0051851),1/42,0.0187455870090272,0.0303444189708628,0,0,60.823170731707314,241.881397652512,FASN
GO_Biological_Process_2023,Negative Regulation Of I-kappaB kinase/NF-kappaB Signaling (GO:0043124),1/42,0.0187455870090272,0.0303444189708628,0,0,60.823170731707314,241.881397652512,NR1H4
GO_Biological_Process_2023,Positive Regulation Of miRNA Transcription (GO:1902895),1/43,0.01918807882344,0.0306772371313023,0,0,59.37202380952381,234.7252826710072,PPARG
GO_Biological_Process_2023,Negative Regulation Of BMP Signaling Pathway (GO:0030514),1/43,0.01918807882344,0.0306772371313023,0,0,59.37202380952381,234.7252826710072,PPARG
GO_Biological_Process_2023,Positive Regulation Of Biosynthetic Process (GO:0009891),1/44,0.0196303932897657,0.031191851914413,0,0,57.98837209302326,227.93351613623008,PPARA
GO_Biological_Process_2023,Regulation Of Cellular Metabolic Process (GO:0031323),1/45,0.0200725304633905,0.0315077902425343,0,0,56.66761363636363,221.47987353276545,PPARA
GO_Biological_Process_2023,Hexose Metabolic Process (GO:0019318),1/45,0.0200725304633905,0.0315077902425343,0,0,56.66761363636363,221.47987353276545,PPARD
GO_Biological_Process_2023,Regulation Of Cytokine Production Involved In Inflammatory Response (GO:1900015),1/46,0.0205144904077938,0.0318158863210695,0,0,55.40555555555556,215.34055050751047,PPARA
GO_Biological_Process_2023,Negative Regulation Of Cellular Metabolic Process (GO:0031324),1/46,0.0205144904077938,0.0318158863210695,0,0,55.40555555555556,215.34055050751047,PPARA
GO_Biological_Process_2023,Negative Regulation Of Tumor Necrosis Factor Production (GO:0032720),1/47,0.0209562731864944,0.0319274985606003,0,0,54.19836956521739,209.4938923322211,NR1H4
GO_Biological_Process_2023,Response To Organonitrogen Compound (GO:0010243),1/47,0.0209562731864944,0.0319274985606003,0,0,54.19836956521739,209.4938923322211,NR1H4
GO_Biological_Process_2023,Secondary Alcohol Metabolic Process (GO:1902652),1/47,0.0209562731864944,0.0319274985606003,0,0,54.19836956521739,209.4938923322211,PPARD
GO_Biological_Process_2023,Regulation Of DNA Binding (GO:0051101),1/48,0.0213978788543136,0.0323221750764929,0,0,53.04255319148936,203.9201586743584,PPARG
GO_Biological_Process_2023,Fatty Acid Beta-Oxidation (GO:0006635),1/49,0.0218393074841168,0.0323221750764929,0,0,51.934895833333336,198.60131834764672,PPARD
GO_Biological_Process_2023,Positive Regulation Of miRNA Metabolic Process (GO:2000630),1/49,0.0218393074841168,0.0323221750764929,0,0,51.934895833333336,198.60131834764672,PPARG
GO_Biological_Process_2023,Positive Regulation Of Pathway-Restricted SMAD Protein Phosphorylation (GO:0010862),1/49,0.0218393074841168,0.0323221750764929,0,0,51.934895833333336,198.60131834764672,PPARG
GO_Biological_Process_2023,Negative Regulation Of Tumor Necrosis Factor Superfamily Cytokine Production (GO:1903556),1/49,0.0218393074841168,0.0323221750764929,0,0,51.934895833333336,198.60131834764672,NR1H4
GO_Biological_Process_2023,Negative Regulation Of MAP Kinase Activity (GO:0043407),1/51,0.0227216338446063,0.033436949805415,0,0,49.8525,188.6636842051162,PPARG
GO_Biological_Process_2023,Fatty Acid Oxidation (GO:0019395),1/52,0.0231625317068993,0.0338931961134855,0,0,48.872549019607845,184.01586571209845,PPARD
GO_Biological_Process_2023,Regulation Of Smooth Muscle Cell Proliferation (GO:0048660),1/54,0.0240437970896706,0.0347896281911994,0,0,47.02358490566038,175.29819860584723,PPARG
GO_Biological_Process_2023,Regulation Of Blood Vessel Endothelial Cell Migration (GO:0043535),1/54,0.0240437970896706,0.0347896281911994,0,0,47.02358490566038,175.29819860584723,PPARG
GO_Biological_Process_2023,Glucose Metabolic Process (GO:0006006),1/59,0.0262438698013582,0.0375533827544297,0,0,42.95905172413793,156.38481754531216,PPARD
GO_Biological_Process_2023,Negative Regulation Of Cytokine-Mediated Signaling Pathway (GO:0001960),1/59,0.0262438698013582,0.0375533827544297,0,0,42.95905172413793,156.38481754531216,PPARG
GO_Biological_Process_2023,Sterol Metabolic Process (GO:0016125),1/60,0.0266833549945496,0.0379717294313231,0,0,42.22881355932204,153.0251984891433,PPARD
GO_Biological_Process_2023,BMP Signaling Pathway (GO:0030509),1/61,0.0271226638795165,0.0379717294313231,0,0,41.52291666666667,149.7891714493676,PPARG
GO_Biological_Process_2023,Fatty Acid Catabolic Process (GO:0009062),1/61,0.0271226638795165,0.0379717294313231,0,0,41.52291666666667,149.7891714493676,PPARD
GO_Biological_Process_2023,Regulation Of Pathway-Restricted SMAD Protein Phosphorylation (GO:0060393),1/61,0.0271226638795165,0.0379717294313231,0,0,41.52291666666667,149.7891714493676,PPARG
GO_Biological_Process_2023,Fat Cell Differentiation (GO:0045444),1/62,0.0275617965208284,0.038379060746745,0,0,40.84016393442623,146.670287413221,PPARG
GO_Biological_Process_2023,Cellular Response To BMP Stimulus (GO:0071773),1/66,0.0293165658483658,0.0405605153108981,0,0,38.31923076923077,135.2516540781936,PPARG
GO_Biological_Process_2023,Regulation Of Viral Genome Replication (GO:0045069),1/67,0.0297548181817399,0.0405605153108981,0,0,37.73674242424242,132.63575146396252,PPARA
GO_Biological_Process_2023,Cholesterol Metabolic Process (GO:0008203),1/67,0.0297548181817399,0.0405605153108981,0,0,37.73674242424242,132.63575146396252,PPARD
GO_Biological_Process_2023,Activation Of Cysteine-Type Endopeptidase Activity Involved In Apoptotic Process (GO:0006919),1/67,0.0297548181817399,0.0405605153108981,0,0,37.73674242424242,132.63575146396252,PPARG
GO_Biological_Process_2023,Regulation Of Cellular Biosynthetic Process (GO:0031326),1/70,0.0310685201703406,0.0421295640006189,0,0,36.09057971014493,125.29061959707016,NR1H4
GO_Biological_Process_2023,Myeloid Leukocyte Differentiation (GO:0002573),1/71,0.0315060693676755,0.0422801656281241,0,0,35.573214285714286,122.99705899399687,PPARG
GO_Biological_Process_2023,Negative Regulation Of Cellular Response To Growth Factor Stimulus (GO:0090288),1/71,0.0315060693676755,0.0422801656281241,0,0,35.573214285714286,122.99705899399687,PPARG
GO_Biological_Process_2023,Cellular Response To Hypoxia (GO:0071456),1/72,0.0319434429318554,0.0424274447146182,0,0,35.070422535211264,120.77511249569656,PPARG
GO_Biological_Process_2023,Negative Regulation Of Catabolic Process (GO:0009895),1/72,0.0319434429318554,0.0424274447146182,0,0,35.070422535211264,120.77511249569656,PPARA
GO_Biological_Process_2023,Cellular Response To Decreased Oxygen Levels (GO:0036294),1/73,0.0323806409307269,0.042571502543443,0,0,34.58159722222222,118.62160586885466,PPARG
GO_Biological_Process_2023,Monocarboxylic Acid Transport (GO:0015718),1/73,0.0323806409307269,0.042571502543443,0,0,34.58159722222222,118.62160586885466,PPARD
GO_Biological_Process_2023,Regulation Of BMP Signaling Pathway (GO:0030510),1/75,0.0332545104577823,0.0434995869119475,0,0,33.64358108108108,114.5081106084989,PPARG
GO_Biological_Process_2023,Positive Regulation Of Protein Secretion (GO:0050714),1/76,0.0336911821161097,0.0438493274777508,0,0,33.193333333333335,112.54263179248726,PPARG
GO_Biological_Process_2023,Negative Regulation Of Blood Vessel Morphogenesis (GO:2000181),1/77,0.0341276784519277,0.0441953435952463,0,0,32.754934210526315,110.63459017539785,PPARG
GO_Biological_Process_2023,Response To Insulin (GO:0032868),1/79,0.035000145391706,0.0448764240418409,0,0,31.91185897435897,106.9814137861086,PPARG
GO_Biological_Process_2023,Negative Regulation Of Cellular Component Organization (GO:0051129),1/79,0.035000145391706,0.0448764240418409,0,0,31.91185897435897,106.9814137861086,NR1H4
GO_Biological_Process_2023,Negative Regulation Of Protein Serine/Threonine Kinase Activity (GO:0071901),1/80,0.0354361161229414,0.0452115964327184,0,0,31.50632911392405,105.23188749884586,PPARG
GO_Biological_Process_2023,Cellular Response To Organic Substance (GO:0071310),1/82,0.0363075324103127,0.0460963279130932,0,0,30.72530864197531,101.87682930785095,NR1H4
GO_Biological_Process_2023,Positive Regulation Of Amide Metabolic Process (GO:0034250),1/85,0.0376133448283413,0.0472905646142738,0,0,29.623511904761905,97.17686109400611,NR1H4
GO_Biological_Process_2023,Regulation Of Osteoblast Differentiation (GO:0045667),1/85,0.0376133448283413,0.0472905646142738,0,0,29.623511904761905,97.17686109400611,PPARG
GO_Biological_Process_2023,Negative Regulation Of Angiogenesis (GO:0016525),1/86,0.038048266007532,0.0474623820602259,0,0,29.273529411764702,95.69223347722578,PPARG
GO_Biological_Process_2023,Glucose Homeostasis (GO:0042593),1/87,0.0384830124812642,0.0474623820602259,0,0,28.93168604651163,94.2460773854509,PPARG
GO_Biological_Process_2023,Regulation Of Type II Interferon Production (GO:0032649),1/87,0.0384830124812642,0.0474623820602259,0,0,28.93168604651163,94.2460773854509,NR1H4
GO_Biological_Process_2023,Regulation Of Insulin Secretion (GO:0050796),1/87,0.0384830124812642,0.0474623820602259,0,0,28.93168604651163,94.2460773854509,NR1H4
GO_Biological_Process_2023,Cellular Response To Peptide Hormone Stimulus (GO:0071375),1/89,0.0393519815341948,0.0483040910775187,0,0,28.271306818181817,91.4635848106468,PPARG
GO_Biological_Process_2023,Positive Regulation Of Binding (GO:0051099),1/91,0.0402202524791915,0.0491370065665595,0,0,27.64027777777778,88.81884342634399,PPARG
GO_Biological_Process_2023,Cellular Response To Hormone Stimulus (GO:0032870),1/94,0.0415213510214556,0.0504884033547278,0,0,26.74462365591398,85.08929057374515,THRB
GO_Biological_Process_2023,Positive Regulation Of Transmembrane Receptor Protein Serine/Threonine Kinase Signaling Pathway (GO:0090100),1/95,0.0419547020061368,0.050776952427988,0,0,26.45877659574468,83.90514010213967,PPARG
GO_Biological_Process_2023,Monocarboxylic Acid Metabolic Process (GO:0032787),1/97,0.0428208815706443,0.0515842247757994,0,0,25.904947916666668,81.61948121913939,FASN
GO_Biological_Process_2023,Cellular Response To Insulin Stimulus (GO:0032869),1/99,0.0436863649787728,0.0523831876365841,0,0,25.37372448979592,79.43800744515411,PPARG
GO_Biological_Process_2023,Cellular Response To Organonitrogen Compound (GO:0071417),1/105,0.0462786431974811,0.0549824247162734,0,0,23.90264423076923,73.4546111134009,NR1H4
GO_Biological_Process_2023,Negative Regulation Of MAPK Cascade (GO:0043409),1/105,0.0462786431974811,0.0549824247162734,0,0,23.90264423076923,73.4546111134009,PPARG
GO_Biological_Process_2023,Lipid Transport (GO:0006869),1/108,0.0475724385673413,0.0562573277344685,0,0,23.22897196261682,70.74387376718869,PPARD
GO_Biological_Process_2023,Negative Regulation Of Developmental Process (GO:0051093),1/109,0.0480033568699519,0.0562573277344685,0,0,23.01273148148148,69.87779866585394,PPARG
GO_Biological_Process_2023,Positive Regulation Of Cysteine-Type Endopeptidase Activity Involved In Apoptotic Process (GO:0043280),1/109,0.0480033568699519,0.0562573277344685,0,0,23.01273148148148,69.87779866585394,PPARG
GO_Biological_Process_2023,Response To Lipid (GO:0033993),1/110,0.0484341018809417,0.056506452194432,0,0,22.80045871559633,69.02955452716058,PPARG
GO_Biological_Process_2023,Regulation Of MAP Kinase Activity (GO:0043405),1/114,0.0501553500503037,0.0582521778611151,0,0,21.988938053097343,65.8047576494752,PPARG
GO_Biological_Process_2023,Cellular Response To Starvation (GO:0009267),1/126,0.0553025020145521,0.0639435179543258,0,0,19.866,57.51082096679438,PPARA
GO_Biological_Process_2023,Regulation Of Tumor Necrosis Factor Production (GO:0032680),1/127,0.0557303101281685,0.0641517792142029,0,0,19.70734126984127,56.89964886057114,NR1H4
GO_Biological_Process_2023,Transmembrane Receptor Protein Serine/Threonine Kinase Signaling Pathway (GO:0007178),1/130,0.0570127014302128,0.0653375649133855,0,0,19.246124031007756,55.13016053401799,PPARG
GO_Biological_Process_2023,Epithelial Cell Differentiation (GO:0030855),1/132,0.0578667687196002,0.066024198671262,0,0,18.950381679389317,54.00123507299854,PPARG
GO_Biological_Process_2023,Regulation Of Protein Kinase B Signaling (GO:0051896),1/136,0.05957284086885,0.0676726569518954,0,0,18.385185185185183,51.85643517216839,PPARA
GO_Biological_Process_2023,Positive Regulation Of Cellular Catabolic Process (GO:0031331),1/146,0.0638260129895522,0.0721874994073974,0,0,17.108620689655172,47.07598564477512,PPARA
GO_Biological_Process_2023,Negative Regulation Of Protein Phosphorylation (GO:0001933),1/149,0.0650986261466565,0.073306713791235,0,0,16.75929054054054,45.783898595160935,PPARG
GO_Biological_Process_2023,Cellular Response To Organic Cyclic Compound (GO:0071407),1/152,0.0663697013463756,0.0744145136307848,0,0,16.423841059602648,44.549909182280224,NR1H4
GO_Biological_Process_2023,Epithelium Development (GO:0060429),1/154,0.0672162312081718,0.0750388098401573,0,0,16.20751633986928,43.7577094204492,PPARG
GO_Biological_Process_2023,Positive Regulation Of Cellular Biosynthetic Process (GO:0031328),1/174,0.075644081059286,0.0840850514779188,0,0,14.31936416184971,36.96853275395856,NR1H4
GO_Biological_Process_2023,Negative Regulation Of Macromolecule Metabolic Process (GO:0010605),1/186,0.080668238811582,0.089286640394016,0,0,13.382432432432433,33.68907394414253,PPARG
GO_Biological_Process_2023,DNA-templated Transcription (GO:0006351),1/199,0.0860836712559613,0.0948751951289105,0,0,12.495580808080808,30.64460639331933,THRB
GO_Biological_Process_2023,Regulation Of Angiogenesis (GO:0045765),1/205,0.0885735237832084,0.0972056892366567,0,0,12.12438725490196,29.388572576263368,PPARG
GO_Biological_Process_2023,Cellular Response To Lipid (GO:0071396),1/228,0.0980621963798774,0.1067147431192783,0,0,10.883259911894273,25.27259840546606,NR1H4
GO_Biological_Process_2023,Apoptotic Process (GO:0006915),1/228,0.0980621963798774,0.1067147431192783,0,0,10.883259911894273,25.27259840546606,PPARD
GO_Biological_Process_2023,Negative Regulation Of Multicellular Organismal Process (GO:0051241),1/231,0.099293352994607,0.107590635408319,0,0,10.73967391304348,24.805174052637938,NR1H4
GO_Biological_Process_2023,Regulation Of I-kappaB kinase/NF-kappaB Signaling (GO:0043122),1/232,0.0997034064440166,0.107590635408319,0,0,10.692640692640692,24.65247587044531,NR1H4
GO_Biological_Process_2023,Positive Regulation Of Developmental Process (GO:0051094),1/233,0.1001132939513702,0.107590635408319,0,0,10.646012931034482,24.501296213308127,PPARG
GO_Biological_Process_2023,Inflammatory Response (GO:0006954),1/236,0.1013419613902403,0.108461024793687,0,0,10.508510638297873,24.056657626920195,AOC3
GO_Biological_Process_2023,Positive Regulation Of DNA-binding Transcription Factor Activity (GO:0051091),1/246,0.1054267572397893,0.1123684367288289,0,0,10.074489795918367,22.664970698303264,PPARG
GO_Biological_Process_2023,Positive Regulation Of Signal Transduction (GO:0009967),1/266,0.1135468702053249,0.120462644737283,0,0,9.304716981132076,20.242780016871997,THRB
GO_Biological_Process_2023,Negative Regulation Of Signal Transduction (GO:0009968),1/267,0.1139511504271596,0.120462644737283,0,0,9.269266917293232,20.13271266747813,PPARG
GO_Biological_Process_2023,Protein Transport (GO:0015031),1/313,0.1323718054792203,0.1393670634923499,0,0,7.884214743589744,15.942990792910198,PPARG
GO_Biological_Process_2023,Positive Regulation Of Cytokine Production (GO:0001819),1/320,0.1351448992979736,0.1417106433934217,0,0,7.70846394984326,15.427779474513477,NR1H4
GO_Biological_Process_2023,Negative Regulation Of Gene Expression (GO:0010629),1/336,0.1414538360872944,0.1477279981718115,0,0,7.334328358208955,14.344346371923631,PPARG
GO_Biological_Process_2023,Positive Regulation Of Macromolecule Metabolic Process (GO:0010604),1/364,0.1523960990959557,0.1585164243608536,0,0,6.758953168044077,12.715430916082402,PPARG
GO_Biological_Process_2023,Positive Regulation Of Protein Phosphorylation (GO:0001934),1/377,0.1574341620812643,0.1631017919161898,0,0,6.52094414893617,12.055581975095372,PPARG
GO_Biological_Process_2023,Negative Regulation Of Cell Population Proliferation (GO:0008285),1/379,0.1582068814639261,0.1632493318691508,0,0,6.485780423280423,11.958817428486013,PPARG
GO_Biological_Process_2023,Negative Regulation Of Programmed Cell Death (GO:0043069),1/381,0.1589789708651786,0.1633950533892114,0,0,6.450986842105263,11.863257356403814,NR1H4
GO_Biological_Process_2023,Positive Regulation Of Multicellular Organismal Process (GO:0051240),1/387,0.1612914636589969,0.165116557658815,0,0,6.348769430051814,11.583597853606427,PPARG
GO_Biological_Process_2023,Cellular Response To Oxygen-Containing Compound (GO:1901701),1/406,0.1685771162955342,0.1718955634667062,0,0,6.045061728395062,10.7623980100199,NR1H4
GO_Biological_Process_2023,Positive Regulation Of Gene Expression (GO:0010628),1/480,0.1964195649476877,0.199470892324355,0,0,5.091858037578288,8.287010515508337,PPARG
GO_Biological_Process_2023,Negative Regulation Of Apoptotic Process (GO:0043066),1/482,0.1971604186680884,0.199470892324355,0,0,5.0701663201663205,8.232619558724817,NR1H4
GO_Biological_Process_2023,Positive Regulation Of Intracellular Signal Transduction (GO:1902533),1/525,0.2129426259255435,0.2145997669833298,0,0,4.643845419847328,7.182786688835826,PPARG
GO_Biological_Process_2023,Regulation Of Apoptotic Process (GO:0042981),1/705,0.2760562900514851,0.2771262756718397,0,0,3.424538352272727,4.407896199652101,NR1H4
GO_Biological_Process_2023,Regulation Of Gene Expression (GO:0010468),1/1127,0.4067302296451739,0.4067302296451739,0,0,2.0942495559502663,1.8839976644116527,PPARG
