rank,name,smiles,MW,LogP,TPSA,HBD,HBA,RotB,Lipinski_violations,max_tc,best_match,best_target,physchem_compliance,toxic_score,final_score,known_flag,known_as,pubchem_cid,pubchem_name,relevance_note,toxic_score_basis
1,T7331,C[C@H](CCC(=O)O)[C@H]1CC[C@H]2[C@@H]3[C@@H](O)C[C@@H]4C[C@H](O)CC[C@]4(C)[C@H]3C[C@H](O)[C@]12C,408.58,3.45,97.99,4,4,4,0,0.6866,Aramchol,SCD1,1.0,1.0,0.9923,已知化合物(PubChem),Ursocholic acid,122340,Ursocholic acid,,ADMET-AI预测得分·非实验实测毒理(hERG/AMES/DILI实验库零命中;final_score由其推导)
2,T19189,C[C@H](CCC(=O)O)[C@H]1CC[C@H]2[C@@H]3[C@H](O)C[C@H]4C[C@H](O)CC[C@]4(C)[C@H]3C[C@H](O)[C@]12C,408.58,3.45,97.99,4,4,4,0,0.6866,Aramchol,SCD1,1.0,1.0,0.9923,已知化合物(PubChem),Allocholic acid,160636,Allocholic acid,,ADMET-AI预测得分·非实验实测毒理(hERG/AMES/DILI实验库零命中;final_score由其推导)
3,T0700,C[C@H](CCC(=O)O)[C@H]1CC[C@H]2[C@@H]3[C@@H](O)C[C@@H]4C[C@H](O)CC[C@]4(C)[C@H]3CC[C@]12C,392.58,4.48,77.76,3,3,4,0,0.6667,Obeticholic acid (OCA),FXR,1.0,1.0,0.981,已知化合物(PubChem),Ursodeoxycholic Acid,31401,Ursodeoxycholic Acid,,ADMET-AI预测得分·非实验实测毒理(hERG/AMES/DILI实验库零命中;final_score由其推导)
4,T0847,C[C@H](CCC(=O)O)[C@H]1CC[C@H]2[C@@H]3[C@H](O)C[C@@H]4C[C@H](O)CC[C@]4(C)[C@H]3CC[C@]12C,392.58,4.48,77.76,3,3,4,0,0.6667,Obeticholic acid (OCA),FXR,1.0,1.0,0.981,已知化合物(PubChem),Chenodeoxycholic Acid,10133,Chenodeoxycholic Acid,,ADMET-AI预测得分·非实验实测毒理(hERG/AMES/DILI实验库零命中;final_score由其推导)
5,T5072,C[C@H](CCC(=O)NCC(=O)O)[C@H]1CC[C@H]2[C@@H]3[C@H](O)C[C@@H]4C[C@H](O)CC[C@]4(C)[C@H]3C[C@H](O)[C@]12C,465.63,2.56,127.09,5,5,6,0,0.6216,Aramchol,SCD1,1.0,1.0,0.9552,已知化合物(PubChem),Glycocholic Acid,10140,Glycocholic Acid,,ADMET-AI预测得分·非实验实测毒理(hERG/AMES/DILI实验库零命中;final_score由其推导)
6,T13522,C[C@H](CCC(=O)O)[C@H]1CC[C@H]2[C@@H]3C(=O)C[C@@H]4C[C@H](O)CC[C@]4(C)[C@H]3CC[C@]12C,390.56,4.69,74.6,2,3,4,0,0.6066,Obeticholic acid (OCA),FXR,1.0,1.0,0.9466,已知化合物(PubChem),7-Ketolithocholic acid,444262,7-Ketolithocholic acid,,ADMET-AI预测得分·非实验实测毒理(hERG/AMES/DILI实验库零命中;final_score由其推导)
7,TMIH-0148,[2H]C1([2H])C[C@@]2(C)[C@H](C[C@@H](O)[C@@H]3[C@@H]2C[C@H](O)[C@]2(C)[C@@H]([C@H](C)CCC(=O)O)CC[C@@H]32)C([2H])([2H])[C@@H]1O,412.6,3.45,97.99,4,4,4,0,0.6027,Aramchol,SCD1,1.0,1.0,0.9444,已知化合物(PubChem),"Cholic acid-2,2,4,4-D4",16217616,"Cholic acid-2,2,4,4-D4",,ADMET-AI预测得分·非实验实测毒理(hERG/AMES/DILI实验库零命中;final_score由其推导)
8,T1789,CC[C@H]1[C@@H](O)[C@@H]2[C@H](CC[C@]3(C)[C@@H]([C@H](C)CCC(=O)O)CC[C@@H]23)[C@@]2(C)CC[C@@H](O)C[C@@H]12,420.63,5.11,77.76,3,3,5,1,1.0,Obeticholic acid (OCA),FXR,1.0,0.8,0.94,参考药本体,"Obeticholic acid OCA (FXR, III期)",447715,Obeticholic Acid,,ADMET-AI预测得分·非实验实测毒理(hERG/AMES/DILI实验库零命中;final_score由其推导)
9,T7395,O=C(O)CCCc1cc2cc(Cl)ccc2n1S(=O)(=O)c1ccc2ncsc2c1,434.93,4.55,89.26,1,5,6,0,1.0,Lanifibranor (IVA-337),PPAR-alpha/gamma/delta,1.0,0.8,0.94,参考药本体,"Lanifibranor (PPARα/γ/δ, 临床III期)",68677842,Lanifibranor,,ADMET-AI预测得分·非实验实测毒理(hERG/AMES/DILI实验库零命中;final_score由其推导)
10,T5234,C[C@H](CCC(=O)NCC(=O)O)[C@H]1CC[C@H]2[C@@H]3[C@@H](O)C[C@@H]4C[C@H](O)CC[C@]4(C)[C@H]3CC[C@]12C,449.63,3.59,106.86,4,4,6,0,0.5455,Obeticholic acid (OCA),FXR,1.0,1.0,0.9117,已知化合物(PubChem),Glycoursodeoxycholic acid,12310288,Glycoursodeoxycholic acid,,ADMET-AI预测得分·非实验实测毒理(hERG/AMES/DILI实验库零命中;final_score由其推导)
11,TWA2417,C[C@H](CCC(=O)NCCS(=O)(=O)[O-])[C@H]1CC[C@H]2[C@@H]3[C@H](O)CC4C[C@H](O)CC[C@]4(C)[C@H]3C[C@H](O)[C@]12C,514.71,2.03,146.99,4,7,7,1,0.5432,Aramchol,SCD1,1.0,1.0,0.9104,已收录(仅系统名),"2-[[(4R)-4-[(3R,7R,8R,9S,10S,12S,13R,14S,17R)-3,7,12-trihydroxy-10,13-dimethyl-2,3,4,5,6,7",22787950,"2-[[(4R)-4-[(3R,7R,8R,9S,10S,12S,13R,14S,17R)-3,7,12-trihydroxy-10,13-dimethyl-2,3,4,5,6,7,8,9,11,12,14,15,16,17-tetradecahydro-1H-cyclopenta[a]phenanthren-17-yl]pentanoyl]amino]ethanesulfonate",,ADMET-AI预测得分·非实验实测毒理(hERG/AMES/DILI实验库零命中;final_score由其推导)
12,T2965,CC(CCC(=O)O)C1CCC2C3CCC4CC(O)CCC4(C)C3CC(O)C12C,392.58,4.48,77.76,3,3,4,0,0.5135,Aramchol,SCD1,1.0,1.0,0.8934,已收录(仅系统名),"Cholan-24-oic acid, 3,12-dihydroxy-, (3alpha,5beta,12alpha)-",2987,"Cholan-24-oic acid, 3,12-dihydroxy-, (3alpha,5beta,12alpha)-",,ADMET-AI预测得分·非实验实测毒理(hERG/AMES/DILI实验库零命中;final_score由其推导)
13,T5259,C[C@H](CCC(=O)NCC(=O)[O-])[C@H]1CC[C@H]2[C@@H]3[C@H](O)C[C@@H]4C[C@H](O)CC[C@]4(C)[C@H]3CC[C@]12C,448.62,2.26,109.69,3,5,6,0,0.4928,Obeticholic acid (OCA),FXR,1.0,1.0,0.8816,已收录(仅系统名),Glycochenodeoxycholate (1-),9548796,Glycochenodeoxycholate (1-),,ADMET-AI预测得分·非实验实测毒理(hERG/AMES/DILI实验库零命中;final_score由其推导)
14,T14002,C[C@H](CCC(=O)O)[C@H]1CC[C@H]2[C@@H]3CC[C@@H]4C[C@H](O)CC[C@]4(C)[C@H]3CC(=O)[C@]12C,390.56,4.69,74.6,2,3,4,0,0.4925,Obeticholic acid (OCA),FXR,1.0,1.0,0.8814,已知化合物(PubChem),12-Ketolithocholic acid,3080612,12-Ketolithocholic acid,,ADMET-AI预测得分·非实验实测毒理(hERG/AMES/DILI实验库零命中;final_score由其推导)
15,T3595,CC(C)c1cc(Oc2c(Cl)cc(-n3nc(C#N)c(=O)[nH]c3=O)cc2Cl)n[nH]c1=O,435.23,2.1,146.52,2,7,4,0,1.0,Resmetirom,THR-beta,1.0,0.6,0.88,参考药本体,"Resmetirom (THR-β, 2024获批 Rezdiffra)",15981237,Resmetirom,,ADMET-AI预测得分·非实验实测毒理(hERG/AMES/DILI实验库零命中;final_score由其推导)
16,T4083,CC[C@@H]1[C@H](O)[C@@H]2[C@H](CC[C@]3(C)[C@@H]([C@H](C)CCCO)CC[C@@H]23)[C@@]2(C)CC[C@@H](O)C[C@@H]12,406.65,5.02,60.69,3,3,5,1,0.7593,Obeticholic acid (OCA),FXR,1.0,0.6,0.88,已知化合物(PubChem),BAR501,101886302,BAR501,,ADMET-AI预测得分·非实验实测毒理(hERG/AMES/DILI实验库零命中;final_score由其推导)
17,T7184,COc1ccccc1[C@H](Cn1c(=O)n(C(C)(C)C(=O)O)c(=O)c2c(C)c(-c3ncco3)sc21)OC1CCOCC1,569.64,3.95,135.02,1,9,9,1,1.0,Firsocostat (GS-0976),ACC,1.0,0.6,0.88,参考药本体,"Firsocostat GS-0976 (ACC, Phase 2)",71528744,Firsocostat,,ADMET-AI预测得分·非实验实测毒理(hERG/AMES/DILI实验库零命中;final_score由其推导)
18,TQ0252,CC[C@H]1[C@@H](O)[C@@H]2[C@H](CC[C@]3(C)[C@@H]([C@H](C)CCO)CC[C@@H]23)[C@@]2(C)CC[C@@H](O)C[C@@H]12,392.62,4.63,60.69,3,3,4,0,0.7736,Obeticholic acid (OCA),FXR,1.0,0.6,0.88,已知化合物(PubChem),BAR 502,101886309,BAR 502,,ADMET-AI预测得分·非实验实测毒理(hERG/AMES/DILI实验库零命中;final_score由其推导)
19,TQ0243,COc1ccccc1[C@H](Cn1c(=O)n(C(C)(C)C(N)=O)c(=O)c2c(C)c(-c3ncco3)sc21)OC1CCOCC1,568.65,3.35,140.81,1,9,9,1,0.8889,Firsocostat (GS-0976),ACC,1.0,0.6,0.88,已知药/工具化合物,ND-646 (已知 ACC 抑制剂; 原标为 Firsocostat 类似物),71570560,ND-646,,ADMET-AI预测得分·非实验实测毒理(hERG/AMES/DILI实验库零命中;final_score由其推导)
20,T8092,C[C@H](CCC(=O)NCCS(=O)(=O)[O-])[C@H]1CC[C@H]2[C@@H]3C[C@H](O)[C@@H]4C[C@H](O)CC[C@]4(C)[C@H]3CC[C@]12C,498.71,3.05,126.76,3,6,7,0,0.4789,Obeticholic acid (OCA),FXR,1.0,1.0,0.8736,已知化合物(PubChem),Hyodeoxycholyltaurine(1-),163358931,Hyodeoxycholyltaurine(1-),,ADMET-AI预测得分·非实验实测毒理(hERG/AMES/DILI实验库零命中;final_score由其推导)
21,T2532,C[C@H](CCC(=O)NCCS(=O)(=O)O)[C@H]1CC[C@H]2[C@@H]3[C@@H](O)C[C@@H]4C[C@H](O)CC[C@]4(C)[C@H]3CC[C@]12C,499.71,3.4,123.93,4,5,7,0,0.4722,Obeticholic acid (OCA),FXR,1.0,1.0,0.8698,已知化合物(PubChem),Tauroursodeoxycholic acid,9848818,Tauroursodeoxycholic acid,,ADMET-AI预测得分·非实验实测毒理(hERG/AMES/DILI实验库零命中;final_score由其推导)
22,T2A2481,C[C@H](CCC(=O)NCCS(=O)(=O)O)[C@H]1CC[C@H]2[C@@H]3[C@H](O)C[C@@H]4C[C@H](O)CC[C@]4(C)[C@H]3CC[C@]12C,499.71,3.4,123.93,4,5,7,0,0.4722,Obeticholic acid (OCA),FXR,1.0,1.0,0.8698,已知化合物(PubChem),Taurochenodeoxycholic Acid,387316,Taurochenodeoxycholic Acid,,ADMET-AI预测得分·非实验实测毒理(hERG/AMES/DILI实验库零命中;final_score由其推导)
23,T6993,C[C@H](CCC(=O)NCCS(=O)(=O)[O-])[C@H]1CC[C@H]2[C@@H]3[C@@H](O)C[C@@H]4C[C@H](O)CC[C@]4(C)[C@H]3CC[C@]12C,498.71,3.05,126.76,3,6,7,0,0.4658,Obeticholic acid (OCA),FXR,1.0,1.0,0.8661,已知化合物(PubChem),Tauroursodeoxycholate,51397976,Tauroursodeoxycholate,,ADMET-AI预测得分·非实验实测毒理(hERG/AMES/DILI实验库零命中;final_score由其推导)
24,T4727,C[C@H](CCC(=O)NCCS(=O)(=O)[O-])[C@H]1CC[C@H]2[C@@H]3CC[C@@H]4C[C@H](O)CC[C@]4(C)[C@H]3CC[C@]12C,482.71,4.08,106.53,2,5,7,0,0.4324,Obeticholic acid (OCA),FXR,1.0,1.0,0.8471,已收录(仅系统名),2-[(3alpha-Hydroxy-24-oxo-5beta-cholan-24-yl)amino]ethanesulfonate,9548567,2-[(3alpha-Hydroxy-24-oxo-5beta-cholan-24-yl)amino]ethanesulfonate,,ADMET-AI预测得分·非实验实测毒理(hERG/AMES/DILI实验库零命中;final_score由其推导)
25,T5077,C[C@H](CCC(=O)[O-])[C@H]1CC[C@H]2[C@@H]3CC[C@@H]4C[C@H](O)CC[C@]4(C)[C@H]3C[C@H](O)[C@]12C,391.57,3.14,80.59,2,4,4,0,0.4304,Aramchol,SCD1,1.0,1.0,0.8459,已知化合物(PubChem),Deoxycholate,9548661,Deoxycholate,,ADMET-AI预测得分·非实验实测毒理(hERG/AMES/DILI实验库零命中;final_score由其推导)
26,T5254,C[C@H](CCC(=O)NCC(=O)[O-])[C@H]1CC[C@H]2[C@@H]3CC[C@@H]4C[C@H](O)CC[C@]4(C)[C@H]3C[C@H](O)[C@]12C,448.62,2.26,109.69,3,5,6,0,0.4286,Aramchol,SCD1,1.0,1.0,0.8449,已知化合物(PubChem),Npc319663,25203316,Npc319663,,ADMET-AI预测得分·非实验实测毒理(hERG/AMES/DILI实验库零命中;final_score由其推导)
27,T2202,[H][C@]12CC[C@]3([H])[C@]([H])(CC[C@]4(C)[C@@H]([C@H](C)CCC(=O)O)CC[C@@]34[H])[C@@]1(C)CC[C@@H](O)C2,376.58,5.51,57.53,2,2,4,1,0.5238,Obeticholic acid (OCA),FXR,1.0,0.8,0.8393,已知化合物(PubChem),Lithocholic Acid,9903,Lithocholic Acid,,ADMET-AI预测得分·非实验实测毒理(hERG/AMES/DILI实验库零命中;final_score由其推导)
28,T8153,[H][C@@]12C[C@H](O)[C@]3([H])C[C@H](O)CC[C@]3(C)[C@@]1([H])CC[C@]1(C)[C@@H]([C@H](C)CCC(=O)NCC(=O)O)CC[C@@]21[H],449.63,3.59,106.86,4,4,6,0,0.4167,Obeticholic acid (OCA),FXR,1.0,1.0,0.8381,已知化合物(PubChem),Glycohyodeoxycholic acid,114611,Glycohyodeoxycholic acid,,ADMET-AI预测得分·非实验实测毒理(hERG/AMES/DILI实验库零命中;final_score由其推导)
29,T29078,[H][C@@]12C[C@H](O)CC[C@]1(C)[C@@]1([H])CC[C@@]3(C)[C@@]([H])(CC[C@]3([H])[C@@H](C)CCC(=O)O)[C@]1([H])[C@@H](O)C2,392.58,4.48,77.76,3,3,4,0,0.4118,Obeticholic acid (OCA),FXR,1.0,1.0,0.8353,已收录(仅系统名),"(4S)-4-[(3R,5S,7S,8R,9S,10S,13R,14S,17R)-3,7-dihydroxy-10,13-dimethyl-2,3,4,5,6,7,8,9,11,1",10992862,"(4S)-4-[(3R,5S,7S,8R,9S,10S,13R,14S,17R)-3,7-dihydroxy-10,13-dimethyl-2,3,4,5,6,7,8,9,11,12,14,15,16,17-tetradecahydro-1H-cyclopenta[a]phenanthren-17-yl]pentanoic acid",,ADMET-AI预测得分·非实验实测毒理(hERG/AMES/DILI实验库零命中;final_score由其推导)
30,T13506,[H][C@@]12C[C@@H](O)CC[C@]1(C)[C@@]1([H])CC[C@@]3(C)[C@@]([H])(CC[C@]3([H])[C@H](C)CCC(=O)O)[C@]1([H])[C@@H](O)C2,392.58,4.48,77.76,3,3,4,0,0.4118,Obeticholic acid (OCA),FXR,1.0,1.0,0.8353,已知化合物(PubChem),Isoursodeoxycholic acid,127601,Isoursodeoxycholic acid,,ADMET-AI预测得分·非实验实测毒理(hERG/AMES/DILI实验库零命中;final_score由其推导)
31,T207107,[H][C@@]12C[C@@H](O)CC[C@]1(C)[C@@]1([H])CC[C@@]3(C)[C@@]([H])(CC[C@]3([H])[C@H](C)CCC(=O)O)[C@]1([H])[C@H](O)C2,392.58,4.48,77.76,3,3,4,0,0.4118,Obeticholic acid (OCA),FXR,1.0,1.0,0.8353,已收录(仅系统名),"(3beta,5beta,7alpha)-3,7-Dihydroxycholan-24-oic acid",164673,"(3beta,5beta,7alpha)-3,7-Dihydroxycholan-24-oic acid",,ADMET-AI预测得分·非实验实测毒理(hERG/AMES/DILI实验库零命中;final_score由其推导)
32,T13505,[H][C@]12CC[C@]3([H])[C@]([H])(C[C@@H](O)[C@@]4(C)[C@@]3([H])CC[C@]4([H])[C@H](C)CCC(=O)O)[C@@]1(C)CC[C@@H](O)C2,392.58,4.48,77.76,3,3,4,0,0.4085,Obeticholic acid (OCA),FXR,1.0,1.0,0.8334,已知化合物(PubChem),DTXSID901258025,5283831,DTXSID901258025,,ADMET-AI预测得分·非实验实测毒理(hERG/AMES/DILI实验库零命中;final_score由其推导)
33,T84944,[H][C@]12CC[C@]3([H])[C@]([H])(C[C@H](O)[C@@]4(C)[C@@]3([H])CC[C@]4([H])[C@H](C)CCC(=O)O)[C@@]1(C)CC[C@H](O)C2,392.58,4.48,77.76,3,3,4,0,0.4085,Obeticholic acid (OCA),FXR,1.0,1.0,0.8334,已知化合物(PubChem),3beta-deoxycholic acid,160530,3beta-deoxycholic acid,,ADMET-AI预测得分·非实验实测毒理(hERG/AMES/DILI实验库零命中;final_score由其推导)
34,T2968,[H][C@@]12C[C@H](O)[C@]3([H])C[C@H](O)CC[C@]3(C)[C@@]1([H])CC[C@]1(C)[C@@H]([C@H](C)CCC(=O)O)CC[C@@]21[H],392.58,4.48,77.76,3,3,4,0,0.5079,Obeticholic acid (OCA),FXR,1.0,0.8,0.8302,已知化合物(PubChem),Hyodeoxycholic Acid,5283820,Hyodeoxycholic Acid,,ADMET-AI预测得分·非实验实测毒理(hERG/AMES/DILI实验库零命中;final_score由其推导)
35,T31964,C[C@H](CCC(=O)NCC(=O)O)[C@H]1CC[C@H]2[C@@H]3CC[C@@H]4C[C@H](O)CC[C@]4(C)[C@H]3CC[C@]12C,433.63,4.62,86.63,3,3,6,0,0.5075,Obeticholic acid (OCA),FXR,1.0,0.8,0.83,已知化合物(PubChem),Glycolithocholic Acid,115245,Glycolithocholic Acid,,ADMET-AI预测得分·非实验实测毒理(hERG/AMES/DILI实验库零命中;final_score由其推导)
36,T5352,[H][C@@]12CCC3C[C@H](O)CC[C@]3(C)[C@@]1([H])C[C@H](O)[C@]1(C)[C@@H]([C@H](C)CCC(=O)NCC(=O)O)CC[C@]12[H],449.63,3.59,106.86,4,4,6,0,0.3896,Obeticholic acid (OCA),FXR,1.0,1.0,0.8226,已收录(仅系统名),"2-[[(4R)-4-[(3R,8R,9S,10S,12S,13R,14S,17R)-3,12-dihydroxy-10,13-dimethyl-2,3,4,5,6,7,8,9,1",18602029,"2-[[(4R)-4-[(3R,8R,9S,10S,12S,13R,14S,17R)-3,12-dihydroxy-10,13-dimethyl-2,3,4,5,6,7,8,9,11,12,14,15,16,17-tetradecahydro-1H-cyclopenta[a]phenanthren-17-yl]pentanoyl]amino]acetic acid",,ADMET-AI预测得分·非实验实测毒理(hERG/AMES/DILI实验库零命中;final_score由其推导)
37,T0408,C[C@H](CCC(=O)O)[C@H]1CC[C@H]2[C@@H]3C(=O)C[C@@H]4CC(=O)CC[C@]4(C)[C@H]3CC(=O)[C@]12C,402.53,4.07,88.51,1,4,4,0,0.3889,Obeticholic acid (OCA),FXR,1.0,1.0,0.8222,已知化合物(PubChem),Dehydrocholic Acid,6674,Dehydrocholic Acid,,ADMET-AI预测得分·非实验实测毒理(hERG/AMES/DILI实验库零命中;final_score由其推导)
38,T2963,[H][C@@]12C[C@H](O)CC[C@]1(C)[C@@]1([H])C[C@H](O)[C@@]3(C)[C@@]([H])(CC[C@]3([H])[C@H](C)CCC(=O)O)[C@]1([H])[C@H](O)C2,408.58,3.45,97.99,4,4,4,0,0.3889,Obeticholic acid (OCA),FXR,1.0,1.0,0.8222,已知化合物(PubChem),Cholic Acid,221493,Cholic Acid,,ADMET-AI预测得分·非实验实测毒理(hERG/AMES/DILI实验库零命中;final_score由其推导)
39,T15271,Cc1n[nH]c(-c2cc(C(=O)N3CCC(c4ccc(C#N)cc4)CC3)c(C)cc2C2CCC2)n1,439.56,5.25,85.67,1,4,4,1,0.7612,Denifanstat (TVB-2640),FASN,1.0,0.4,0.82,已知化合物(PubChem),Denifanstat,66548316,Denifanstat,,ADMET-AI预测得分·非实验实测毒理(hERG/AMES/DILI实验库零命中;final_score由其推导)
40,T10087,[H][C@@]12C[C@H](O)CC[C@]1(C)[C@@]1([H])CC[C@]3(C)[C@@H]([C@H](C)CC(=O)O)CC[C@@]3([H])[C@]1([H])[C@@H](O)C2,378.55,4.09,77.76,3,3,3,0,0.3824,Obeticholic acid (OCA),FXR,1.0,1.0,0.8185,已知化合物(PubChem),Norucholic Acid,192254,Norucholic Acid,,ADMET-AI预测得分·非实验实测毒理(hERG/AMES/DILI实验库零命中;final_score由其推导)
41,T11428,[H][C@@]12CC[C@H]([C@H](C)CCC(=O)NCC(=O)O)[C@@]1(C)CC[C@]1([H])[C@@]3(C)CC[C@@H](O)C[C@@]3([H])[C@@H](CC)[C@@H](O)[C@@]21[H],477.69,4.23,106.86,4,4,7,0,0.4861,Obeticholic acid (OCA),FXR,1.0,0.8,0.8178,已知化合物(PubChem),Glyco-obeticholic acid,121322333,Glyco-obeticholic acid,,ADMET-AI预测得分·非实验实测毒理(hERG/AMES/DILI实验库零命中;final_score由其推导)
42,TN7583,[H][C@@]12C[C@H](O)CC[C@]1(C)[C@@]1([H])CC(=O)[C@@]3(C)[C@@]([H])(CC[C@]3([H])[C@H](C)CCC(=O)O)[C@]1([H])[C@H](O)C2,406.56,3.66,94.83,3,4,4,0,0.3733,Obeticholic acid (OCA),FXR,1.0,1.0,0.8133,已知化合物(PubChem),12-Ketochenodeoxycholic acid,94235,12-Ketochenodeoxycholic acid,,ADMET-AI预测得分·非实验实测毒理(hERG/AMES/DILI实验库零命中;final_score由其推导)
43,TN7120,[H][C@]12CC(=O)[C@@]3([H])[C@]4([H])CC[C@]([H])([C@H](C)CCC(=O)O)[C@@]4(C)[C@@H](O)C[C@]3([H])[C@@]1(C)CC[C@@H](O)C2,406.56,3.66,94.83,3,4,4,0,0.3684,Obeticholic acid (OCA),FXR,1.0,1.0,0.8105,已知化合物(PubChem),7-Ketodeoxycholic acid,188292,7-Ketodeoxycholic acid,,ADMET-AI预测得分·非实验实测毒理(hERG/AMES/DILI实验库零命中;final_score由其推导)
44,T5313,Cc1cc(OCC(=O)O)cc(C)c1Cc1ccc(O)c(C(C)C)c1,328.41,4.19,66.76,2,3,6,0,0.4722,VK2809,THR-beta,1.0,0.8,0.8098,已知化合物(PubChem),Sobetirome,9862248,Sobetirome,,ADMET-AI预测得分·非实验实测毒理(hERG/AMES/DILI实验库零命中;final_score由其推导)
45,T13502,C[C@H](CCC(=O)O)[C@H]1CC[C@H]2[C@@H]3CC[C@@H]4CC(=O)CC[C@]4(C)[C@H]3CC[C@]12C,374.57,5.72,54.37,1,2,4,1,0.4697,Obeticholic acid (OCA),FXR,1.0,0.8,0.8084,已知化合物(PubChem),Dehydrolithocholic Acid,5283906,Dehydrolithocholic Acid,,ADMET-AI预测得分·非实验实测毒理(hERG/AMES/DILI实验库零命中;final_score由其推导)
46,TMIH-0182,[2H]C1([2H])C[C@@]2(C)[C@H](CC[C@@H]3[C@@H]2C[C@H](O)[C@]2(C)[C@@H]([C@H](C)CCC(=O)O)CC[C@@H]32)C([2H])([2H])[C@@H]1O,396.6,4.48,77.76,3,3,4,0,0.4684,Aramchol,SCD1,1.0,0.8,0.8076,已知化合物(PubChem),DTXSID90745736,71309027,DTXSID90745736,,ADMET-AI预测得分·非实验实测毒理(hERG/AMES/DILI实验库零命中;final_score由其推导)
47,T11954,Cc1cc(OCP(=O)(O)O)cc(C)c1Cc1ccc(O)c(C(C)C)c1,364.38,4.24,86.99,3,3,6,0,0.4658,VK2809,THR-beta,1.0,0.8,0.8061,已知化合物(PubChem),MB-07344,15941848,MB-07344,,ADMET-AI预测得分·非实验实测毒理(hERG/AMES/DILI实验库零命中;final_score由其推导)
48,T11662L,[H][C@@]12CC[C@]([H])([C@H](C)C[C@H](C)C(=O)O)[C@@]1(C)[C@@H](O)C[C@]1([H])[C@@]3(C)CC[C@@H](O)C[C@@]3([H])[C@@H](CC)[C@@H](O)[C@@]21[H],450.66,4.33,97.99,4,4,5,0,0.3506,Obeticholic acid (OCA),FXR,1.0,1.0,0.8004,已知化合物(PubChem),Int-777,45483949,Int-777,,ADMET-AI预测得分·非实验实测毒理(hERG/AMES/DILI实验库零命中;final_score由其推导)
49,T4588,[H][C@@]12C[C@H](O)CC[C@]1(C)[C@@]1([H])CC[C@@]3(C)[C@@]([H])(CC[C@]3([H])[C@H](C)CCC(=O)NCC(=O)O)[C@]1([H])[C@H](O)C2,449.63,3.59,106.86,4,4,6,0,0.3377,Obeticholic acid (OCA),FXR,1.0,1.0,0.7929,已知化合物(PubChem),Glycochenodeoxycholic Acid,12544,Glycochenodeoxycholic Acid,,ADMET-AI预测得分·非实验实测毒理(hERG/AMES/DILI实验库零命中;final_score由其推导)
50,T36585,[H][C@@]12CCCC[C@]1(C)[C@@]1([H])C[C@H](O)[C@@]3(C)[C@@]([H])(CC[C@]3([H])[C@H](C)CCC(=O)O)[C@]1([H])[C@H](O)C2,392.58,4.48,77.76,3,3,4,0,0.3289,Obeticholic acid (OCA),FXR,1.0,1.0,0.788,已知化合物(PubChem),Isodeoxycholic acid,164672,Isodeoxycholic acid,,ADMET-AI预测得分·非实验实测毒理(hERG/AMES/DILI实验库零命中;final_score由其推导)
51,T65070,[H][C@@]12C[C@H](O)CC[C@]1(C)[C@@]1([H])CC[C@@]3(C)[C@@]([H])(CC[C@]3([H])[C@H](C)CCC(=O)[O-])[C@]1([H])[C@H](O)C2,391.57,3.14,80.59,2,4,4,0,0.3288,Obeticholic acid (OCA),FXR,1.0,1.0,0.7879,已知化合物(PubChem),Chenodeoxycholate,9548590,Chenodeoxycholate,,ADMET-AI预测得分·非实验实测毒理(hERG/AMES/DILI实验库零命中;final_score由其推导)
52,T35792,[H][C@]12CC[C@]3([H])[C@]([H])(CC[C@@]4(C)[C@@]3([H])CC[C@]4([H])[C@H](C)CCC(=O)O)[C@@]1(C)CC[C@H](O)C2,376.58,5.51,57.53,2,2,4,1,0.4328,Obeticholic acid (OCA),FXR,1.0,0.8,0.7873,已知化合物(PubChem),Isolithocholic Acid,164853,Isolithocholic Acid,,ADMET-AI预测得分·非实验实测毒理(hERG/AMES/DILI实验库零命中;final_score由其推导)
53,T36522,[H][C@@]12CC[C@]3([H])[C@]([H])(CC[C@@]4(C)[C@@]3([H])CC[C@]4([H])[C@H](C)CCC(=O)O)[C@@]1(C)CC[C@H](O)C2,376.58,5.51,57.53,2,2,4,1,0.4328,Obeticholic acid (OCA),FXR,1.0,0.8,0.7873,已知化合物(PubChem),Isoallolithocholic Acid,94228,Isoallolithocholic Acid,,ADMET-AI预测得分·非实验实测毒理(hERG/AMES/DILI实验库零命中;final_score由其推导)
54,T78495,[H][C@]12CC[C@]3([H])[C@]([H])(C[C@H](O)[C@@]4(C)[C@@]3([H])CC[C@]4([H])[C@H](C)CC(=O)O)[C@@]1(C)CC[C@@H](O)C2,378.55,4.09,77.76,3,3,3,0,0.3243,Obeticholic acid (OCA),FXR,1.0,1.0,0.7853,已知化合物(PubChem),23-Nordeoxycholic acid,193905,23-Nordeoxycholic acid,,ADMET-AI预测得分·非实验实测毒理(hERG/AMES/DILI实验库零命中;final_score由其推导)
55,T2831,[H][C@@]12C[C@H](O)CC[C@]1(C)[C@@]1([H])C[C@H](O)[C@@]3(C)[C@@]([H])(CC[C@]3([H])[C@H](C)CCC(=O)NCC(=O)O)[C@]1([H])[C@H](O)C2,465.63,2.56,127.09,5,5,6,0,0.321,Obeticholic acid (OCA),FXR,1.0,1.0,0.7834,已知化合物(PubChem),Glycocholic Acid,10140,Glycocholic Acid,,ADMET-AI预测得分·非实验实测毒理(hERG/AMES/DILI实验库零命中;final_score由其推导)
56,T13092,[H][C@@]12CC[C@H]([C@H](C)CCC(=O)NCCS(=O)(=O)O)[C@@]1(C)CC[C@]1([H])[C@@]3(C)CC[C@@H](O)C[C@@]3([H])[C@@H](CC)[C@@H](O)[C@@]21[H],527.77,4.03,123.93,4,5,8,1,0.4231,Obeticholic acid (OCA),FXR,1.0,0.8,0.7818,已知化合物(PubChem),Tauro-Obeticholic acid,122201312,Tauro-Obeticholic acid,,ADMET-AI预测得分·非实验实测毒理(hERG/AMES/DILI实验库零命中;final_score由其推导)
57,T207843,[H][C@]12CC[C@]3([H])[C@]([H])(C[C@H](O)[C@@]4(C)[C@@]3([H])CC[C@]4([H])[C@H](C)CCC(=O)O)[C@@]1(C)CC[C@@H](OS(=O)(=O)O)C2,472.64,4.31,121.13,3,5,6,0,0.3171,Obeticholic acid (OCA),FXR,1.0,1.0,0.7812,已知化合物(PubChem),Deoxycholic acid 3-sulfate,128752,Deoxycholic acid 3-sulfate,,ADMET-AI预测得分·非实验实测毒理(hERG/AMES/DILI实验库零命中;final_score由其推导)
58,T19124,[H][C@@]12CC(=O)CC[C@]1(C)[C@@]1([H])C[C@H](O)[C@@]3(C)[C@@]([H])(CC[C@]3([H])[C@H](C)CCC(=O)O)[C@]1([H])[C@H](O)C2,406.56,3.66,94.83,3,4,4,0,0.3125,Obeticholic acid (OCA),FXR,1.0,1.0,0.7786,已知化合物(PubChem),3-Oxocholic acid,5283956,3-Oxocholic acid,,ADMET-AI预测得分·非实验实测毒理(hERG/AMES/DILI实验库零命中;final_score由其推导)
59,T0516,C[C@H](CCC(=O)[O-])[C@H]1CC[C@H]2[C@@H]3C(=O)C[C@@H]4CC(=O)CC[C@]4(C)[C@H]3CC(=O)[C@]12C,401.52,2.74,91.34,0,5,4,0,0.3117,Obeticholic acid (OCA),FXR,1.0,1.0,0.7781,已知化合物(PubChem),Dehydrocholate,11869222,Dehydrocholate,,ADMET-AI预测得分·非实验实测毒理(hERG/AMES/DILI实验库零命中;final_score由其推导)
60,T4537,[H][C@@]12C[C@H](O)CC[C@]1(C)[C@@]1([H])C[C@H](O)[C@@]3(C)[C@@]([H])(CC[C@]3([H])[C@H](C)CCC(=O)[O-])[C@]1([H])[C@H](O)C2,407.57,2.11,100.82,3,5,4,0,0.3117,Obeticholic acid (OCA),FXR,1.0,1.0,0.7781,已知化合物(PubChem),Cholate,5460314,Cholate,,ADMET-AI预测得分·非实验实测毒理(hERG/AMES/DILI实验库零命中;final_score由其推导)
61,T37177,[H][C@@]12C[C@H](O)CC[C@]1(C)[C@@]1([H])C[C@H](O)[C@@]3(C)[C@@]([H])(CC[C@]3([H])[C@H](C)CC(=O)O)[C@]1([H])[C@H](O)C2,394.55,3.06,97.99,4,4,3,0,0.3067,Obeticholic acid (OCA),FXR,1.0,1.0,0.7752,已知化合物(PubChem),Norcholic acid,158738,Norcholic acid,,ADMET-AI预测得分·非实验实测毒理(hERG/AMES/DILI实验库零命中;final_score由其推导)
62,T7628,CC(CCC(=O)O)C1CCC2C3CC=C4CC(O)CCC4(C)C3CCC12C,374.57,5.43,57.53,2,2,4,1,0.5152,Obeticholic acid (OCA),FXR,1.0,0.6,0.7744,已知化合物(PubChem),3-OXY-CHOLENIC ACID,571977,3-OXY-CHOLENIC ACID,,ADMET-AI预测得分·非实验实测毒理(hERG/AMES/DILI实验库零命中;final_score由其推导)
63,T207106,[H][C@@]12CC(=O)[C@]3([H])C[C@H](O)CC[C@]3(C)[C@@]1([H])CC[C@@]1(C)[C@@]2([H])CC[C@]1([H])[C@H](C)CCC(=O)O,390.56,4.69,74.6,2,3,4,0,0.3889,Obeticholic acid (OCA),FXR,1.0,0.8,0.7622,已知化合物(PubChem),6-Ketolithocholic acid,164960,6-Ketolithocholic acid,,ADMET-AI预测得分·非实验实测毒理(hERG/AMES/DILI实验库零命中;final_score由其推导)
64,TMIH-0590,[H][C@@]12CC[C@]([H])([C@H](C)CCC(=O)O)[C@@]1(C)CC[C@]1([H])[C@@]3(C)CC([2H])([2H])[C@@H](O)C([2H])([2H])[C@@]3([H])C[C@H](O)[C@@]21[H],396.6,4.48,77.76,3,3,4,0,0.3467,Obeticholic acid (OCA),FXR,1.0,0.8,0.7381,已知化合物(PubChem),Ursodeoxycholic acid-d4,76973080,Ursodeoxycholic acid-d4,,ADMET-AI预测得分·非实验实测毒理(hERG/AMES/DILI实验库零命中;final_score由其推导)
65,T13919,CC(C)(C)c1ccc(OCC(O)COc2ccc(C(=O)O)cc2)cc1,344.41,3.5,75.99,2,4,7,0,0.3333,BI-1467335,AOC3/VAP-1,1.0,0.8,0.7305,已知化合物(PubChem),Terbufibrol,41907,Terbufibrol,,ADMET-AI预测得分·非实验实测毒理(hERG/AMES/DILI实验库零命中;final_score由其推导)
66,T17181,COCc1nc(C(F)(F)F)[nH]c1-c1cc(C(=O)N2CC(c3ccc(C#N)cc3)C2)c(C)cc1C,468.48,4.97,82.01,1,4,5,0,0.4353,Denifanstat (TVB-2640),FASN,1.0,0.6,0.7287,已知化合物(PubChem),TVB-3664,129101638,TVB-3664,,ADMET-AI预测得分·非实验实测毒理(hERG/AMES/DILI实验库零命中;final_score由其推导)
67,T64334,[H][C@]12CC[C@]3([H])[C@]([H])(CC[C@@]4(C)[C@@]3([H])CC[C@]4([H])[C@H](C)CCC(=O)NCC(=O)[O-])[C@@]1(C)CC[C@@H](O)C2,432.63,3.29,89.46,2,4,6,0,0.3165,Obeticholic acid (OCA),FXR,1.0,0.8,0.7208,已知化合物(PubChem),Glycolithocholate,25201677,Glycolithocholate,,ADMET-AI预测得分·非实验实测毒理(hERG/AMES/DILI实验库零命中;final_score由其推导)
68,T11557,Cc1cc(C)c(-c2[nH]nc(C)c2C)cc1C(=O)N1CC(c2ccc(C#N)cc2)C1,384.48,4.42,72.78,1,3,3,0,0.5205,Denifanstat (TVB-2640),FASN,1.0,0.4,0.7175,已收录(仅系统名),"4-(1-(5-(3,4-dimethyl-1H-pyrazol-5-yl)-2,4-dimethylbenzoyl)azetidin-3-yl)benzonitrile",72947731,"4-(1-(5-(3,4-dimethyl-1H-pyrazol-5-yl)-2,4-dimethylbenzoyl)azetidin-3-yl)benzonitrile",,ADMET-AI预测得分·非实验实测毒理(hERG/AMES/DILI实验库零命中;final_score由其推导)
69,T17180,Cc1cc(C)c(-c2n[nH]c(C)c2C)cc1C(=O)N1CC(c2ccc(C#N)cc2)C1,384.48,4.42,72.78,1,3,3,0,0.5205,Denifanstat (TVB-2640),FASN,1.0,0.4,0.7175,已收录(仅系统名),"4-(1-(5-(3,4-dimethyl-1H-pyrazol-5-yl)-2,4-dimethylbenzoyl)azetidin-3-yl)benzonitrile",72947731,"4-(1-(5-(3,4-dimethyl-1H-pyrazol-5-yl)-2,4-dimethylbenzoyl)azetidin-3-yl)benzonitrile",,ADMET-AI预测得分·非实验实测毒理(hERG/AMES/DILI实验库零命中;final_score由其推导)
70,T34788,[H][C@]12CC[C@]3([H])[C@]([H])(CC[C@@]4(C)[C@@]3([H])CC[C@]4([H])[C@H](C)CCC(=O)NCCS(=O)(=O)O)[C@@]1(C)CC[C@@H](O)C2,483.72,4.43,103.7,3,4,7,0,0.3049,Obeticholic acid (OCA),FXR,1.0,0.8,0.7142,已知化合物(PubChem),Taurolithocholic Acid,439763,Taurolithocholic Acid,,ADMET-AI预测得分·非实验实测毒理(hERG/AMES/DILI实验库零命中;final_score由其推导)
71,T2744,[H][C@@]12C[C@H](O)CC[C@]1(C)[C@@]1([H])C[C@H](O)[C@@]3(C)[C@@]([H])(CC[C@]3([H])[C@H](C)CCC(=O)OC)[C@]1([H])[C@H](O)C2,422.61,3.54,86.99,3,5,4,0,0.3038,Obeticholic acid (OCA),FXR,1.0,0.8,0.7136,已知化合物(PubChem),Methyl cholate,10960835,Methyl cholate,,ADMET-AI预测得分·非实验实测毒理(hERG/AMES/DILI实验库零命中;final_score由其推导)
72,T8754,Cc1c(-c2ncco2)sc2[nH]c(=O)n(C(C)(C)C(=O)OC(C)(C)C)c(=O)c12,391.45,2.79,107.19,1,7,3,0,0.3656,Firsocostat (GS-0976),ACC,1.0,0.6,0.6889,已收录(仅系统名),"Tert-butyl 2-methyl-2-[5-methyl-6-(1,3-oxazol-2-yl)-2,4-dioxo-1H-thieno[2,3-d]pyrimidin-3-",130433756,"Tert-butyl 2-methyl-2-[5-methyl-6-(1,3-oxazol-2-yl)-2,4-dioxo-1H-thieno[2,3-d]pyrimidin-3-yl]propanoate",,ADMET-AI预测得分·非实验实测毒理(hERG/AMES/DILI实验库零命中;final_score由其推导)
73,T8752,[H][C@@]12CC[C@]([H])([C@H](C)CCCO)[C@@]1(C)CC[C@]1([H])[C@@]3(C)CC[C@@H](O)C[C@@]3([H])[C@H](CC)[C@@H](O)[C@@]21[H],406.65,5.02,60.69,3,3,5,1,0.3611,Obeticholic acid (OCA),FXR,1.0,0.6,0.6863,已知化合物(PubChem),BAR 501 impurity,101886306,BAR 501 impurity,,ADMET-AI预测得分·非实验实测毒理(hERG/AMES/DILI实验库零命中;final_score由其推导)
74,T10623,[H][C@@]12C[C@H](O)CC[C@]1(C)[C@@]1([H])CC[C@@]3(C)[C@@]([H])(CC[C@]3([H])[C@H](C)CCC(=O)CF)[C@]1([H])[C@H](O)C2,408.6,4.93,57.53,2,3,5,0,0.3243,Obeticholic acid (OCA),FXR,1.0,0.6,0.6653,已知化合物(PubChem),Bsh-IN-1,145713829,Bsh-IN-1,,ADMET-AI预测得分·非实验实测毒理(hERG/AMES/DILI实验库零命中;final_score由其推导)
75,T19526,Nc1ncnc2c1ncn2CCOC[P@@]1(=O)OCC[C@@H](c2cccc(Cl)c2)O1,423.8,3.41,114.38,1,8,6,0,0.4111,VK2809,THR-beta,1.0,0.4,0.6549,已知化合物(PubChem),Pradefovir,9604654,Pradefovir,"⚠️结构假阳性: Pradefovir 是抗乙肝前药(adefovir 前药), 仅与 VK2809 共享环磷酸酯前药子结构, 与 THR-β 无关",ADMET-AI预测得分·非实验实测毒理(hERG/AMES/DILI实验库零命中;final_score由其推导)
76,T10953,Cc1cccc(C)c1OCc1cc(C(=O)N2CCC(c3ccncc3)CC2)no1,391.47,4.29,68.46,0,5,5,0,0.3059,Denifanstat (TVB-2640),FASN,1.0,0.6,0.6548,已知化合物(PubChem),Dafadine-A,24790866,Dafadine-A,"⚠️结构假阳性: Dafadine-A 是 CYP/DAF-9 工具抑制剂, 仅与 Denifanstat 结构相似, 与 FASN/MASLD 无关",ADMET-AI预测得分·非实验实测毒理(hERG/AMES/DILI实验库零命中;final_score由其推导)
77,T32798,[H][C@]12CC[C@]3([H])[C@]([H])(CC[C@@]4(C)[C@@]3([H])CC[C@]4([H])[C@H](C)CCC(=O)ON3C(=O)CCC3=O)[C@@]1(C)CC[C@@H](O)C2,473.65,5.03,83.91,1,5,5,1,0.3049,Obeticholic acid (OCA),FXR,1.0,0.6,0.6542,已知化合物(PubChem),SCHEMBL336862,87093593,SCHEMBL336862,,ADMET-AI预测得分·非实验实测毒理(hERG/AMES/DILI实验库零命中;final_score由其推导)
78,T1172,N#CC(c1ccc(Cl)cc1)c1c(Cl)cc(-n2ncc(=O)[nH]c2=O)cc1Cl,407.64,3.54,91.54,1,4,3,0,0.3014,Resmetirom,THR-beta,1.0,0.6,0.6522,已知化合物(PubChem),Diclazuril,456389,Diclazuril,"⚠️结构假阳性: Diclazuril 是抗球虫兽药, 仅与 Resmetirom 共享三嗪二酮子结构, 与 MASLD/THR-β 无关",ADMET-AI预测得分·非实验实测毒理(hERG/AMES/DILI实验库零命中;final_score由其推导)
79,T12220,CC(C)(C)c1ccc(OCC(=O)NCCNC(=O)COc2ccc(C(C)(C)C)cc2)cc1,440.58,3.97,76.66,2,4,9,0,0.38,BI-1467335,AOC3/VAP-1,1.0,0.4,0.6371,已知化合物(PubChem),NIC3,2930555,NIC3,,ADMET-AI预测得分·非实验实测毒理(hERG/AMES/DILI实验库零命中;final_score由其推导)
80,TN2215,[H][C@@]12C[C@H](O)CC[C@]1(C)[C@@]1([H])CC[C@]3(C)[C@@H]([C@H](C)CCC(=O)NCCS(=O)(=O)[O][Na])CC[C@@]3([H])[C@]1([H])[C@H](O)C2,521.7,2.94,112.93,3,6,8,1,0.3373,Obeticholic acid (OCA),FXR,1.0,0.4,0.6128,已收录(仅系统名),"牛磺酸结合胆酸钠盐类 (PubChem 已收录, 无通用名)",13590409,,,ADMET-AI预测得分·非实验实测毒理(hERG/AMES/DILI实验库零命中;final_score由其推导)
81,TN2349,[H][C@]12CC[C@]3([H])[C@]([H])(C[C@H](O)[C@]4(C)[C@@H]([C@H](C)CCC(=O)NCCS(=O)(=O)[O][Na])CC[C@]43[H])[C@@]1(C)CC[C@@H](O)C2,521.7,2.94,112.93,3,6,8,1,0.3218,Obeticholic acid (OCA),FXR,1.0,0.4,0.6039,已收录(仅系统名),"牛磺酸结合胆酸钠盐类 (PubChem 已收录, 无通用名)",2733767,,,ADMET-AI预测得分·非实验实测毒理(hERG/AMES/DILI实验库零命中;final_score由其推导)
