Index,SDF_Line
2841,Entry #2841
8057,Entry #8057
8062,Entry #8062
8063,Entry #8063
8145,Entry #8145
8179,Entry #8179
8180,Entry #8180
8183,Entry #8183
8379,Entry #8379
8577,Entry #8577
8804,Entry #8804
8874,Entry #8874
9647,Entry #9647
9979,Entry #9979
10176,Entry #10176
10880,Entry #10880
11717,Entry #11717
11950,Entry #11950
12038,Entry #12038
12094,Entry #12094
13045,Entry #13045
13160,Entry #13160
15833,Entry #15833
16052,Entry #16052
16054,Entry #16054
16055,Entry #16055
16705,Entry #16705
17885,Entry #17885
17887,Entry #17887
18007,Entry #18007
18404,Entry #18404
18755,Entry #18755
18840,Entry #18840
19248,Entry #19248
19617,Entry #19617
20312,Entry #20312
20406,Entry #20406
20436,Entry #20436
20856,Entry #20856
20870,Entry #20870
21069,Entry #21069
21522,Entry #21522
21632,Entry #21632
21678,Entry #21678
21834,Entry #21834
22351,Entry #22351
22370,Entry #22370
22609,Entry #22609
22698,Entry #22698
22716,Entry #22716
22717,Entry #22717
22718,Entry #22718
